Cantón,Parroquia,Población,Superficie de la parroquia (km2),Densidad Poblacional
CUENCA,CUENCA,361524,72,5044
CUENCA,BAÑOS,21797,251,87
CUENCA,CUMBE,6455,75,86
CUENCA,CHAUCHA,1721,380,5
CUENCA,CHECA,3204,111,29
CUENCA,CHIQUINTAD,5738,93,61
CUENCA,LLACAO,7468,16,468
CUENCA,MOLLETURO,6882,984,7
CUENCA,NULTI,6707,27,248
CUENCA,OCTAVIO CORDERO PALACIOS,2516,21,120
CUENCA,PACCHA,8497,25,336
CUENCA,QUINGEO,7318,117,63
CUENCA,RICAURTE,26919,14,1932
CUENCA,SAN JOAQUÍN,10728,204,53
CUENCA,SANTA ANA,7027,45,156
CUENCA,SAYAUSÍ,10352,280,37
CUENCA,SIDCAY,5039,16,312
CUENCA,SININCAY,26725,47,573
CUENCA,TARQUI,14144,151,94
CUENCA,TURI,13901,26,537
CUENCA,VALLE,34785,44,784
CUENCA,VICTORIA DEL PORTETE,6654,196,34
GIRÓN,GIRÓN,8441,240,35
GIRÓN,LA ASUNCIÓN,2683,54,50
GIRÓN,SAN GERARDO,1058,49,21
GUALACEO,GUALACEO,22019,41,531
GUALACEO,DANIEL CÓRDOVA TORAL,1552,20,77
GUALACEO,JADÁN,4581,53,87
GUALACEO,MARIANO MORENO,2513,38,66
GUALACEO,REMIGIO CRESPO TORAL,1380,31,45
GUALACEO,SAN JUAN,4696,36,131
GUALACEO,ZHIDMAD,3045,42,73
GUALACEO,LUIS CORDERO VEGA,2670,74,36
GUALACEO,SIMÓN BOLÍVAR,732,12,61
NABÓN,NABÓN,9097,243,37
NABÓN,COCHAPATA,2981,110,27
NABÓN,EL PROGRESO,1388,154,9
NABÓN,LAS NIEVES,1310,124,11
PAUTE,PAUTE,11497,53,217
PAUTE,BULÁN,1911,39,49
PAUTE,CHICÁN,3394,25,138
PAUTE,EL CABO,3366,23,148
PAUTE,GUARAINAG,701,36,19
PAUTE,SAN CRISTÓBAL,2819,17,166
PAUTE,TOMEBAMBA,1315,39,34
PAUTE,DUG DUG,1779,37,48
PUCARÁ,PUCARÁ,8001,570,14
PUCARÁ,SAN RAFAEL DE SHARUG,1692,69,25
SAN FERNANDO,SAN FERNANDO,2985,120,25
SAN FERNANDO,CHUMBLÍN,753,23,33
SANTA ISABEL,SANTA ISABEL,10410,185,56
SANTA ISABEL,ABDÓN CALDERÓN,4228,62,68
SANTA ISABEL,EL CARMEN DE PIJILÍ,2648,198,13
SANTA ISABEL,SHAGLLI,1849,279,7
SANTA ISABEL,SAN SALVADOR DE CAÑARIBAMBA,1618,102,16
SÍGSIG,SÍGSIG,10656,144,74
SÍGSIG,CUCHIL,1638,126,13
SÍGSIG,JIMA,2778,233,12
SÍGSIG,GÜEL,1058,16,64
SÍGSIG,LUDO,3429,79,43
SÍGSIG,SAN BARTOLOMÉ,3368,36,94
SÍGSIG,SAN JOSÉ DE RARANGA,2065,43,48
OÑA,SAN FELIPE DE OÑA,2456,218,11
OÑA,SUSUDEL,966,72,13
CHORDELEG,CHORDELEG,6907,16,423
CHORDELEG,PRINCIPAL,1158,31,38
CHORDELEG,LA UNIÓN,1875,14,137
CHORDELEG,LUIS GALARZA ORELLANA,1237,30,42
CHORDELEG,SAN MARTÍN DE PUZHIO,1020,14,73
EL PAN,EL PAN,1085,18,61
EL PAN,SAN VICENTE,1691,122,14
SEVILLA DE ORO,SEVILLA DE ORO,2027,65,31
SEVILLA DE ORO,AMALUZA,896,180,5
SEVILLA DE ORO,PALMAS,1690,70,24
GUACHAPALA,GUACHAPALA,3586,41,89
CAMILO PONCE ENRÍQUEZ,CAMILO PONCE ENRÍQUEZ,22810,214,107
GUARANDA,GUARANDA,62611,508,123
GUARANDA,FACUNDO VELA,1859,118,16
GUARANDA,JULIO E MORENO,2527,83,30
GUARANDA,SALINAS,5880,466,13
GUARANDA,SAN LORENZO,1770,92,19
GUARANDA,SAN SIMÓN,4288,83,52
GUARANDA,SANTA FE,1896,26,73
GUARANDA,SIMIÁTUG,9412,297,32
GUARANDA,SAN LUIS DE PAMBIL,7887,188,42
CHILLANES,CHILLANES,13855,421,33
CHILLANES,SAN JOSÉ DEL TAMBO,5947,250,24
CHIMBO,SAN JOSÉ DE CHIMBO,6020,15,410
CHIMBO,ASUNCIÓN,2745,35,79
CHIMBO,LA MAGDALENA,2552,44,59
CHIMBO,SAN SEBASTIÁN,1176,11,111
CHIMBO,TELIMBELA,3031,166,18
ECHEANDÍA,ECHEANDÍA,14654,245,60
SAN MIGUEL,SAN MIGUEL,14040,94,150
SAN MIGUEL,BALSAPAMBA,2470,114,22
SAN MIGUEL,BILOVÁN,2966,139,21
SAN MIGUEL,RÉGULO DE MORA,1005,85,12
SAN MIGUEL,SAN PABLO,5180,76,68
SAN MIGUEL,SANTIAGO,1633,50,33
SAN MIGUEL,SAN VICENTE,1055,28,37
CALUMA,CALUMA,15607,176,89
LAS NAVES,LAS NAVES,7012,150,47
AZOGUES,AZOGUES,41249,57,730
AZOGUES,COJITAMBO,3612,19,190
AZOGUES,GUAPÁN,8921,78,115
AZOGUES,JAVIER LOYOLA,8591,31,280
AZOGUES,LUIS CORDERO,3931,24,162
AZOGUES,PINDILIG,1837,116,16
AZOGUES,RIVERA,1568,543,3
AZOGUES,SAN MIGUEL,3615,27,135
AZOGUES,TADAY,1191,61,20
BIBLIÁN,BIBLIÁN,12379,60,206
BIBLIÁN,NAZÓN,2232,51,44
BIBLIÁN,SAN FRANCISCO DE SAGEO,1471,4,392
BIBLIÁN,TURUPAMBA,1078,7,165
BIBLIÁN,JERUSALÉN,1692,61,28
CAÑAR,CAÑAR,17305,76,227
CAÑAR,CHONTAMARCA,3191,218,15
CAÑAR,CHOROCOPTE,2726,34,80
CAÑAR,GENERAL MORALES,2300,114,20
CAÑAR,GUALLETURO,3223,291,11
CAÑAR,HONORATO VÁSQUEZ,5906,77,77
CAÑAR,INGAPIRCA,6964,414,17
CAÑAR,JUNCAL,1680,64,26
CAÑAR,SAN ANTONIO,2127,413,5
CAÑAR,ZHUD,1683,84,20
CAÑAR,VENTURA,1357,68,20
CAÑAR,DUCUR,3688,100,37
LA TRONCAL,LA TRONCAL,46505,157,297
LA TRONCAL,MANUEL J CALLE,4732,61,78
LA TRONCAL,PANCHO NEGRO,10866,150,72
EL TAMBO,EL TAMBO,9285,63,147
DÉLEG,DÉLEG,4273,57,75
DÉLEG,SOLANO,1773,17,105
SUSCAL,SUSCAL,4627,53,87
TULCÁN,TULCÁN,64218,136,473
TULCÁN,EL CARMELO,2162,66,33
TULCÁN,JULIO ANDRADE,10594,93,114
TULCÁN,MALDONADO,2069,201,10
TULCÁN,PIOTER,670,18,38
TULCÁN,TOBAR DONOSO,1393,624,2
TULCÁN,TUFIÑO,2692,179,15
TULCÁN,URBINA,1770,40,44
TULCÁN,EL CHICAL,4403,443,10
TULCÁN,SANTA MARTHA DE CUBA,2404,17,145
BOLÍVAR,BOLÍVAR,5873,100,59
BOLÍVAR,GARCÍA MORENO,1364,58,23
BOLÍVAR,LOS ANDES,2536,58,43
BOLÍVAR,MONTE OLIVO,1699,70,24
BOLÍVAR,SAN VICENTE DE PUSIR,2254,42,53
BOLÍVAR,SAN RAFAEL,1951,31,63
ESPEJO,EL ÁNGEL,7075,114,62
ESPEJO,EL GOALTAL,746,256,3
ESPEJO,LA LIBERTAD,3718,151,25
ESPEJO,SAN ISIDRO,2983,46,64
MIRA,MIRA,6706,101,67
MIRA,CONCEPCIÓN,2680,149,18
MIRA,JIJÓN Y CAAMAÑO,1961,281,7
MIRA,JUAN MONTALVO,1380,53,26
MONTÚFAR,SAN GABRIEL,20576,146,141
MONTÚFAR,CRISTÓBAL COLÓN,2901,33,89
MONTÚFAR,CHITÁN DE NAVARRETE,641,39,16
MONTÚFAR,FERNÁNDEZ SALVADOR,1144,32,36
MONTÚFAR,LA PAZ,3399,112,30
MONTÚFAR,PIARTAL,929,19,50
SAN PEDRO DE HUACA,HUACA,6455,43,149
SAN PEDRO DE HUACA,MARISCAL SUCRE,1482,33,45
LATACUNGA,LATACUNGA,125651,266,472
LATACUNGA,ALÁQUEZ,7958,144,55
LATACUNGA,BELISARIO QUEVEDO,7301,38,192
LATACUNGA,GUAYTACAMA,15158,27,569
LATACUNGA,JOSEGUANGO BAJO,2469,18,134
LATACUNGA,MULALÓ,9101,509,18
LATACUNGA,ONCE DE NOVIEMBRE,3233,10,311
LATACUNGA,POALÓ,4960,76,65
LATACUNGA,SAN JUAN DE PASTOCALLE,14884,140,107
LATACUNGA,TANICUCHI,15509,53,291
LATACUNGA,TOACASO,11037,213,52
LA MANÁ,LA MANÁ,47967,231,208
LA MANÁ,GUASAGANDA,3866,248,16
LA MANÁ,PUCAYACU,1960,181,11
PANGUA,EL CORAZÓN,5529,162,34
PANGUA,MORASPUNGO,13884,407,34
PANGUA,PINLLOPATA,692,32,21
PANGUA,RAMÓN CAMPAÑA,1762,118,15
PUJILÍ,PUJILÍ,42614,295,144
PUJILÍ,ANGAMARCA,3802,282,13
PUJILÍ,GUANGAJE,4113,126,33
PUJILÍ,LA VICTORIA,3561,19,191
PUJILÍ,PILALÓ,1916,206,9
PUJILÍ,TINGO,4026,193,21
PUJILÍ,ZUMBAHUA,6948,209,33
SALCEDO,SAN MIGUEL,39101,194,202
SALCEDO,ANTONIO JOSÉ HOLGUÍN,3431,7,472
SALCEDO,CUSUBAMBA,5949,162,37
SALCEDO,MULALILLO,7254,41,176
SALCEDO,MULLIQUINDIL,7632,48,159
SALCEDO,PANSALEO,4126,16,251
SAQUISILÍ,SAQUISILÍ,16163,41,391
SAQUISILÍ,CANCHAGUA,3510,25,138
SAQUISILÍ,CHANTILÍN,2129,5,452
SAQUISILÍ,COCHAPAMBA,2554,85,30
SIGCHOS,SIGCHOS,7560,776,10
SIGCHOS,CHUGCHILLÁN,6075,249,24
SIGCHOS,ISINLIVI,1945,85,23
SIGCHOS,LAS PAMPAS,1850,132,14
SIGCHOS,PALO QUEMADO,1030,116,9
RIOBAMBA,RIOBAMBA,188891,62,3049
RIOBAMBA,CACHA,2362,29,83
RIOBAMBA,CALPI,6223,52,120
RIOBAMBA,CUBIJÍES,3264,13,252
RIOBAMBA,FLORES,2733,45,61
RIOBAMBA,LICÁN,11726,21,558
RIOBAMBA,LICTO,6778,60,113
RIOBAMBA,PUNGALÁ,3925,279,14
RIOBAMBA,PUNÍN,4682,52,91
RIOBAMBA,QUIMIAG,4479,136,33
RIOBAMBA,SAN JUAN,6309,221,29
RIOBAMBA,SAN LUIS,19510,30,653
ALAUSÍ,ALAUSÍ,10303,53,194
ALAUSÍ,ACHUPALLAS,8117,581,14
ALAUSÍ,GUASUNTOS,1820,47,39
ALAUSÍ,HUIGRA,1748,130,13
ALAUSÍ,MULTITUD,1867,103,18
ALAUSÍ,PISTISHI,257,11,23
ALAUSÍ,PUMALLACTA,588,21,28
ALAUSÍ,SEVILLA,630,21,30
ALAUSÍ,SIBAMBE,3412,142,24
ALAUSÍ,TIXÁN,8533,181,47
COLTA,VILLA LA UNIÓN,14392,220,65
COLTA,CAÑI,711,110,6
COLTA,COLUMBE,9132,167,55
COLTA,JUAN DE VELASCO,3045,266,11
COLTA,SANTIAGO DE QUITO,3188,56,57
CHAMBO,CHAMBO,13431,166,81
CHUNCHI,CHUNCHI,6828,127,54
CHUNCHI,CAPZOL,684,25,27
CHUNCHI,COMPUD,724,29,25
CHUNCHI,GONZOL,1083,25,43
CHUNCHI,LLAGOS,1316,67,20
GUAMOTE,GUAMOTE,19382,386,50
GUAMOTE,CEBADAS,6414,567,11
GUAMOTE,PALMIRA,9973,242,41
GUANO,GUANO,22764,94,243
GUANO,GUANANDO,224,15,15
GUANO,ILAPO,1156,33,35
GUANO,LA PROVIDENCIA,659,10,65
GUANO,SAN ANDRÉS,13154,164,80
GUANO,SAN GERARDO,3281,7,461
GUANO,SAN ISIDRO DE PATULÚ,4472,77,58
GUANO,SAN JOSÉ DEL CHAZO,872,15,60
GUANO,SANTA FÉ DE GALÁN,1471,29,50
GUANO,VALPARAISO,274,21,13
PALLATANGA,PALLATANGA,11796,380,31
PENIPE,PENIPE,2400,32,76
PENIPE,EL ALTAR,1294,74,17
PENIPE,MATUS,786,74,11
PENIPE,PUELA,533,73,7
PENIPE,SAN ANTONIO DE BAYUSHIG,1097,4,283
PENIPE,LA CANDELARIA,389,89,4
PENIPE,BILBAO,249,25,10
CUMANDÁ,CUMANDÁ,16602,159,104
MACHALA,MACHALA,301771,246,1228
MACHALA,EL RETIRO,4538,127,36
ARENILLAS,ARENILLAS,23919,260,92
ARENILLAS,CHACRAS,1926,97,20
ARENILLAS,PALMALES,3385,211,16
ARENILLAS,CARCABÓN,883,78,11
ARENILLAS,LA CUCA,2253,141,16
ATAHUALPA,PACCHA,2509,49,51
ATAHUALPA,AYAPAMBA,1413,100,14
ATAHUALPA,CORDONCILLO,985,31,32
ATAHUALPA,MILAGRO,435,3,154
ATAHUALPA,SAN JOSÉ,468,2,192
ATAHUALPA,SAN JUAN DE CERRO AZUL,302,96,3
BALSAS,BALSAS,6289,56,112
BALSAS,BELLAMARÍA,1586,13,124
CHILLA,CHILLA,2251,332,7
EL GUABO,EL GUABO,35467,236,150
EL GUABO,BARBONES,7364,69,107
EL GUABO,LA IBERIA,4433,14,320
EL GUABO,TENDALES,5388,106,51
EL GUABO,RÍO BONITO,6884,155,44
HUAQUILLAS,HUAQUILLAS,56303,99,571
MARCABELÍ,MARCABELÍ,6614,130,51
MARCABELÍ,EL INGENIO,256,19,14
PASAJE,PASAJE,60966,131,465
PASAJE,BUENAVISTA,7744,41,188
PASAJE,CASACAY,2887,61,47
PASAJE,LA PEAÑA,4025,16,248
PASAJE,PROGRESO,4906,149,33
PASAJE,UZHCURRUMI,904,30,30
PASAJE,CAÑAQUEMADA,2165,27,80
PIÑAS,PIÑAS,20479,120,171
PIÑAS,CAPIRO,1820,145,13
PIÑAS,LA BOCANA,1357,60,22
PIÑAS,MOROMORO,1264,84,15
PIÑAS,PIEDRAS,517,40,13
PIÑAS,SAN ROQUE,1194,48,25
PIÑAS,SARACAY,2775,117,24
PORTOVELO,PORTOVELO,11389,36,312
PORTOVELO,CURTINCAPA,538,17,31
PORTOVELO,MORALES,692,78,9
PORTOVELO,SALATÍ,937,152,6
SANTA ROSA,SANTA ROSA,61493,142,434
SANTA ROSA,BELLAVISTA,5047,52,97
SANTA ROSA,JAMBELÍ,1246,326,4
SANTA ROSA,LA AVANZADA,2435,66,37
SANTA ROSA,SAN ANTONIO,1446,23,64
SANTA ROSA,TORATA,2174,66,33
SANTA ROSA,VICTORIA,3726,113,33
SANTA ROSA,BELLAMARÍA,2732,108,25
ZARUMA,ZARUMA,11592,17,678
ZARUMA,ABAÑÍN,1333,76,18
ZARUMA,ARCAPAMBA,970,14,68
ZARUMA,GUANAZÁN,2195,181,12
ZARUMA,GUIZHAGUIÑA,1832,157,12
ZARUMA,HUERTAS,2310,47,49
ZARUMA,MALVAS,963,10,94
ZARUMA,MULUNCAY GRANDE,817,7,111
ZARUMA,SINSAO,1594,45,35
ZARUMA,SALVIAS,768,97,8
LAS LAJAS,LA VICTORIA,3287,108,30
LAS LAJAS,LA LIBERTAD,871,83,10
LAS LAJAS,EL PARAÍSO,880,78,11
LAS LAJAS,SAN ISIDRO,700,29,24
ESMERALDAS,ESMERALDAS,170529,70,2422
ESMERALDAS,CAMARONES,3949,167,24
ESMERALDAS,CORONEL CARLOS CONCHA TORRES,2760,289,10
ESMERALDAS,CHINCA,5109,224,23
ESMERALDAS,MAJUA,3368,125,27
ESMERALDAS,SAN MATEO,7975,180,44
ESMERALDAS,TABIAZO,2789,139,20
ESMERALDAS,TACHINA,6439,73,88
ESMERALDAS,VUELTA LARGA,8930,78,115
ELOY ALFARO,VALDEZ,5848,97,60
ELOY ALFARO,ANCHAYACU,3075,219,14
ELOY ALFARO,ATAHUALPA,1388,220,6
ELOY ALFARO,BORBÓN,9079,200,45
ELOY ALFARO,LA TOLA,2949,172,17
ELOY ALFARO,LUIS VARGAS TORRES,535,765,1
ELOY ALFARO,MALDONADO,2100,58,36
ELOY ALFARO,PAMPANAL DE BOLÍVAR,1363,114,12
ELOY ALFARO,SAN FRANCISCO DE ONZOLE,1838,181,10
ELOY ALFARO,SANTO DOMINGO DE ONZOLE,3577,681,5
ELOY ALFARO,SELVA ALEGRE,1466,50,30
ELOY ALFARO,TELEMBÍ,6316,1427,4
ELOY ALFARO,COLÓN ELOY DEL MARÍA,2200,72,31
ELOY ALFARO,SAN JOSÉ DE CAYAPAS,1433,120,12
ELOY ALFARO,TIMBIRÉ,1153,22,53
ELOY ALFARO,SANTA LUCÍA DE LAS PEÑAS,1985,82,24
MUISNE,MUISNE,8788,142,62
MUISNE,BOLÍVAR,2569,50,51
MUISNE,DAULE,2842,110,26
MUISNE,GALERA,1659,68,25
MUISNE,QUINGUE,533,28,19
MUISNE,SÁLIMA,1439,54,27
MUISNE,SAN FRANCISCO,5023,191,26
MUISNE,SAN GREGORIO,7864,470,17
MUISNE,SAN JOSÉ DE CHAMANGA,5709,153,37
QUININDÉ,ROSA ZÁRATE,55722,1022,55
QUININDÉ,CUBE,7872,656,12
QUININDÉ,CHURA,3241,184,18
QUININDÉ,MALIMPIA,19870,1005,20
QUININDÉ,VICHE,5975,97,62
QUININDÉ,LA UNIÓN,34161,657,52
SAN LORENZO,SAN LORENZO,32591,248,131
SAN LORENZO,ALTO TAMBO,1867,1136,2
SAN LORENZO,ANCÓN,1415,59,24
SAN LORENZO,CALDERÓN,1176,32,37
SAN LORENZO,CARONDELET,1117,69,16
SAN LORENZO,5 DE JUNIO,247,218,1
SAN LORENZO,CONCEPCIÓN,1980,219,9
SAN LORENZO,MATAJE,1053,311,3
SAN LORENZO,SAN JAVIER DE CACHAVÍ,786,46,17
SAN LORENZO,SANTA RITA,1638,81,20
SAN LORENZO,TAMBILLO,1369,227,6
SAN LORENZO,TULULBÍ,2641,350,8
SAN LORENZO,URBINA,511,101,5
ATACAMES,ATACAMES,21868,104,210
ATACAMES,LA UNIÓN,3358,114,29
ATACAMES,SÚA,4412,72,61
ATACAMES,TONCHIGÜE,8300,138,60
ATACAMES,TONSUPA,13266,83,160
RIOVERDE,RIOVERDE,7124,74,97
RIOVERDE,CHONTADURO,4156,216,19
RIOVERDE,CHUMUNDÉ,4508,539,8
RIOVERDE,LAGARTO,5670,212,27
RIOVERDE,MONTALVO,5254,317,17
RIOVERDE,ROCAFUERTE,6173,155,40
GUAYAQUIL,GUAYAQUIL,2665392,1768,1507
GUAYAQUIL,JUAN GÓMEZ RENDÓN,13483,308,44
GUAYAQUIL,MORRO,6502,324,20
GUAYAQUIL,POSORJA,33709,74,458
GUAYAQUIL,PUNÁ,15275,1876,8
GUAYAQUIL,TENGUEL,12042,141,85
ALFREDO BAQUERIZO MORENO (JUJÁN),ALFREDO BAQUERIZO MORENO (JUJÁN),25526,228,112
BALAO,BALAO,25655,439,58
BALZAR,BALZAR,57829,1176,49
COLIMES,COLIMES,20339,544,37
COLIMES,SAN JACINTO,5912,213,28
DAULE,DAULE,183399,229,801
DAULE,JUAN BAUTISTA AGUIRRE,9380,75,126
DAULE,LAUREL,10558,37,284
DAULE,LIMONAL,9414,49,194
DAULE,LOS LOJAS,9695,122,80
DURÁN,ELOY ALFARO,303910,342,889
EL EMPALME,VELASCO IBARRA,50951,148,344
EL EMPALME,GUAYAS,18735,364,52
EL EMPALME,EL ROSARIO,10081,137,73
EL TRIUNFO,EL TRIUNFO,60541,560,108
MILAGRO,MILAGRO,173407,223,776
MILAGRO,CHOBO,3761,39,96
MILAGRO,MARISCAL SUCRE,6072,55,110
MILAGRO,ROBERTO ASTUDILLO,12703,81,156
NARANJAL,NARANJAL,52002,601,86
NARANJAL,JESÚS MARÍA,6622,107,62
NARANJAL,SAN CARLOS,9404,104,91
NARANJAL,SANTA ROSA DE FLANDES,6196,132,47
NARANJAL,TAURA,9467,757,12
NARANJITO,NARANJITO,44169,231,191
PALESTINA,PALESTINA,18019,186,97
PEDRO CARBO,PEDRO CARBO,38405,521,74
PEDRO CARBO,VALLE DE LA VIRGEN,5751,100,57
PEDRO CARBO,SABANILLA,8021,320,25
SAMBORONDÓN,SAMBORONDÓN,81854,251,327
SAMBORONDÓN,TARIFA,16686,93,179
SANTA LUCÍA,SANTA LUCÍA,43700,365,120
SALITRE,EL SALITRE,30549,132,231
SALITRE,GENERAL VERNAZA,10522,85,124
SALITRE,LA VICTORIA,7309,81,90
SALITRE,JUNQUILLAL,12680,94,134
SAN JACINTO DE YAGUACHI,SAN JACINTO DE YAGUACHI,32914,277,119
SAN JACINTO DE YAGUACHI,GENERAL PEDRO J MONTERO,8461,94,90
SAN JACINTO DE YAGUACHI,YAGUACHI VIEJO,13140,108,122
SAN JACINTO DE YAGUACHI,VIRGEN DE FÁTIMA,18184,52,351
PLAYAS,GENERAL VILLAMIL,58768,270,218
SIMÓN BOLÍVAR,SIMÓN BOLÍVAR,16448,132,124
SIMÓN BOLÍVAR,CORONEL LORENZO DE GARAYCOA,12979,158,82
CORONEL MARCELINO MARIDUEÑA,CORONEL MARCELINO MARIDUEÑA,13183,254,52
LOMAS DE SARGENTILLO,LOMAS DE SARGENTILLO,22254,72,310
NOBOL,NARCISA DE JESÚS,23850,135,177
GENERAL  ANTONIO ELIZALDE,GENERAL ANTONIO ELIZALDE,11810,141,83
ISIDRO AYORA,ISIDRO AYORA,14305,492,29
IBARRA,SAN MIGUEL DE IBARRA,168068,243,691
IBARRA,AMBUQUÍ,6143,126,49
IBARRA,ANGOCHAGUA,3561,118,30
IBARRA,CAROLINA,3258,273,12
IBARRA,LA ESPERANZA,8681,35,248
IBARRA,LITA,3964,238,17
IBARRA,SALINAS,2374,77,31
IBARRA,SAN ANTONIO,21420,29,738
ANTONIO ANTE,ATUNTAQUI,28099,22,1253
ANTONIO ANTE,IMBAYA,1610,12,139
ANTONIO ANTE,SAN FRANCISCO DE NATABUELA,7974,11,752
ANTONIO ANTE,SAN JOSÉ DE CHALTURA,3862,17,227
ANTONIO ANTE,SAN ROQUE,12226,18,668
COTACACHI,COTACACHI,21414,66,325
COTACACHI,APUELA,1936,202,10
COTACACHI,GARCÍA MORENO,11566,886,13
COTACACHI,IMANTAG,5476,229,24
COTACACHI,PEÑAHERRERA,1780,123,15
COTACACHI,PLAZA GUTIÉRREZ,328,76,4
COTACACHI,QUIROGA,8245,46,181
COTACACHI,SEIS DE JULIO DE CUELLAJE,1664,182,9
COTACACHI,VACAS GALINDO,592,55,11
OTAVALO,OTAVALO,55534,79,700
OTAVALO,DR MIGUEL EGAS CABEZAS,6914,10,682
OTAVALO,EUGENIO ESPEJO,8812,28,315
OTAVALO,GONZÁLEZ SUÁREZ,7434,50,148
OTAVALO,PATAQUÍ,221,10,22
OTAVALO,SAN JOSÉ DE QUICHINCHE,8458,165,51
OTAVALO,SAN JUAN DE ILUMÁN,9299,20,454
OTAVALO,SAN PABLO,11146,64,175
OTAVALO,SAN RAFAEL,5184,18,290
OTAVALO,SELVA ALEGRE,1301,86,15
PIMAMPIRO,PIMAMPIRO,10076,93,109
PIMAMPIRO,CHUGÁ,1020,49,21
PIMAMPIRO,MARIANO ACOSTA,1294,131,10
PIMAMPIRO,SAN FRANCISCO DE SIGSIPAMBA,976,166,6
SAN MIGUEL DE URCUQUÍ,URCUQUÍ,6551,60,109
SAN MIGUEL DE URCUQUÍ,CAHUASQUÍ,1871,127,15
SAN MIGUEL DE URCUQUÍ,LA MERCED DE BUENOS AIRES,2004,384,5
SAN MIGUEL DE URCUQUÍ,PABLO ARENAS,2339,54,43
SAN MIGUEL DE URCUQUÍ,SAN BLAS,3524,74,48
SAN MIGUEL DE URCUQUÍ,TUMBABIRO,1680,38,45
LOJA,LOJA,214296,285,752
LOJA,CHANTACO,1025,24,43
LOJA,CHUQUIRIBAMBA,2114,72,29
LOJA,EL CISNE,1639,109,15
LOJA,GUALEL,2082,100,21
LOJA,JIMBILLA,1010,102,10
LOJA,MALACATOS,8669,206,42
LOJA,SAN LUCAS,4686,157,30
LOJA,SAN PEDRO DE VILCABAMBA,1305,67,19
LOJA,SANTIAGO,1051,102,10
LOJA,TAQUIL,3720,92,40
LOJA,VILCABAMBA,5516,160,35
LOJA,YANGANA,1413,268,5
LOJA,QUINARA,1502,148,10
CALVAS,CARIAMANGA,19551,349,56
CALVAS,COLAISACA,1430,193,7
CALVAS,EL LUCERO,2658,93,28
CALVAS,UTUANA,1016,117,9
CALVAS,SANGUILLÍN,1387,99,14
CATAMAYO,CATAMAYO,28127,148,191
CATAMAYO,EL TAMBO,4439,203,22
CATAMAYO,GUAYQUICHUMA,293,106,3
CATAMAYO,SAN PEDRO DE LA BENDITA,1924,147,13
CATAMAYO,ZAMBI,457,49,9
CELICA,CELICA,6685,238,28
CELICA,CRUZPAMBA,1165,27,43
CELICA,PÓZUL,3273,82,40
CELICA,SABANILLA,2552,139,18
CELICA,TENIENTE MAXIMILIANO RODRÍGUEZ LOAIZA,704,35,20
CHAGUARPAMBA,CHAGUARPAMBA,3466,101,34
CHAGUARPAMBA,BUENAVISTA,1193,44,27
CHAGUARPAMBA,EL ROSARIO,382,92,4
CHAGUARPAMBA,SANTA RUFINA,1211,54,22
CHAGUARPAMBA,AMARILLOS,605,22,28
ESPÍNDOLA,AMALUZA,4142,123,34
ESPÍNDOLA,BELLAVISTA,2163,77,28
ESPÍNDOLA,JIMBURA,2050,97,21
ESPÍNDOLA,SANTA TERESITA,1450,77,19
ESPÍNDOLA,27 DE ABRIL,1865,41,45
ESPÍNDOLA,EL INGENIO,1647,73,23
ESPÍNDOLA,EL AIRO,802,28,29
GONZANAMÁ,GONZANAMÁ,2883,72,40
GONZANAMÁ,CHANGAIMINA,2402,104,23
GONZANAMÁ,NAMBACOLA,4257,297,14
GONZANAMÁ,PURUNUMA,986,97,10
GONZANAMÁ,SACAPALCA,1719,111,15
MACARÁ,MACARÁ,15235,369,41
MACARÁ,LARAMA,985,90,11
MACARÁ,LA VICTORIA,1361,69,20
MACARÁ,SABIANGO,634,45,14
PALTAS,CATACOCHA,12129,441,27
PALTAS,CANGONAMÁ,991,48,21
PALTAS,GUACHANAMÁ,2406,279,9
PALTAS,LAURO GUERRERO,1680,98,17
PALTAS,ORIANGA,1586,180,9
PALTAS,SAN ANTONIO,1077,35,31
PALTAS,CASANGA,1735,52,33
PALTAS,YAMANA,1237,22,56
PUYANGO,ALAMOR,8987,241,37
PUYANGO,CIANO,1335,80,17
PUYANGO,EL ARENAL,1157,28,42
PUYANGO,EL LIMO,2423,204,12
PUYANGO,MERCADILLO,1308,28,47
PUYANGO,VICENTINO,1047,56,19
SARAGURO,SARAGURO,9679,76,128
SARAGURO,EL PARAÍSO DE CELEN,2244,55,41
SARAGURO,EL TABLÓN,972,97,10
SARAGURO,LLUZHAPA,1558,73,21
SARAGURO,MANÚ,2142,181,12
SARAGURO,SAN ANTONIO DE QUMBE,1110,78,14
SARAGURO,SAN PABLO DE TENTA,3290,155,21
SARAGURO,SAN SEBASTIÁN DE YÚLUC,958,115,8
SARAGURO,SELVA ALEGRE,1553,45,34
SARAGURO,URDANETA,4091,119,34
SARAGURO,SUMAYPAMBA,1514,91,17
SOZORANGA,SOZORANGA,3671,294,12
SOZORANGA,NUEVA FÁTIMA,816,52,16
SOZORANGA,TACAMOROS,2483,77,32
ZAPOTILLO,ZAPOTILLO,5851,195,30
ZAPOTILLO,MANGAHURCO,868,170,5
ZAPOTILLO,GARZAREAL,1913,190,10
ZAPOTILLO,LIMONES,1685,231,7
ZAPOTILLO,PALETILLAS,2574,174,15
ZAPOTILLO,BOLASPAMBA,1207,131,9
ZAPOTILLO,CAZADEROS,473,120,4
PINDAL,PINDAL,4393,50,89
PINDAL,CHAQUINAL,995,17,58
PINDAL,12 DE DICIEMBRE,2060,43,48
PINDAL,MILAGROS,2961,92,32
QUILANGA,QUILANGA,2559,93,28
QUILANGA,FUNDOCHAMBA,293,36,8
QUILANGA,SAN ANTONIO DE LAS ARADAS,1119,108,10
OLMEDO,OLMEDO,3702,62,60
OLMEDO,LA TINGUE,462,52,9
BABAHOYO,BABAHOYO,112033,169,662
BABAHOYO,CARACOL,5226,92,57
BABAHOYO,FEBRES CORDERO,19012,344,55
BABAHOYO,PIMOCHA,28145,279,101
BABAHOYO,LA UNIÓN,14093,187,75
BABA,BABA,21574,171,126
BABA,GUARE,13581,233,58
BABA,ISLA DE BEJUCAL,10141,111,91
MONTALVO,MONTALVO,25875,298,87
MONTALVO,LA ESMERALDA,2479,57,44
PUEBLOVIEJO,PUEBLOVIEJO,14972,150,100
PUEBLOVIEJO,PUERTO PECHICHE,5221,82,64
PUEBLOVIEJO,SAN JUAN,20768,102,203
QUEVEDO,QUEVEDO,187103,256,732
QUEVEDO,SAN CARLOS,12037,84,144
QUEVEDO,LA ESPERANZA,6868,39,174
URDANETA,CATARAMA,9680,50,193
URDANETA,RICAURTE,23471,335,70
VENTANAS,VENTANAS,49009,153,320
VENTANAS,ZAPOTAL,18368,246,75
VENTANAS,CHACARITA,3101,61,51
VENTANAS,LOS ÁNGELES,2733,53,52
VINCES,VINCES,63527,573,111
VINCES,ANTONIO SOTOMAYOR,17382,138,126
PALENQUE,PALENQUE,24838,569,44
BUENA FE,SAN JACINTO DE BUENA FE,59559,415,144
BUENA FE,PATRICIA PILAR,14851,166,89
VALENCIA,VALENCIA,51509,970,53
MOCACHE,MOCACHE,42026,566,74
QUINSALOMA,QUINSALOMA,19470,289,67
PORTOVIEJO,PORTOVIEJO,252248,415,608
PORTOVIEJO,ABDÓN CALDERÓN,16848,121,139
PORTOVIEJO,ALHAJUELA,4714,31,152
PORTOVIEJO,CRUCITA,16997,62,274
PORTOVIEJO,PUEBLO NUEVO,4181,37,113
PORTOVIEJO,RIOCHICO,17040,91,187
PORTOVIEJO,SAN PLÁCIDO,8180,139,59
PORTOVIEJO,CHIRIJOS,2717,61,45
BOLÍVAR,CALCETA,34702,304,114
BOLÍVAR,MEMBRILLO,3573,122,29
BOLÍVAR,QUIROGA,3552,98,36
CHONE,CHONE,76247,806,95
CHONE,BOYACÁ,4447,235,19
CHONE,CANUTO,11134,206,54
CHONE,CONVENTO,6369,299,21
CHONE,CHIBUNGA,6083,569,11
CHONE,ELOY ALFARO,6566,336,20
CHONE,RICAURTE,7838,399,20
CHONE,SAN ANTONIO,9482,212,45
EL CARMEN,EL CARMEN,84141,755,111
EL CARMEN,WILFRIDO LOOR MOREIRA,3911,290,13
EL CARMEN,SAN PEDRO DE SUMA,7252,189,38
EL CARMEN,SANTA MARÍA,13668,339,40
EL CARMEN,EL PARAÍSO LA 14,11964,167,71
FLAVIO ALFARO,FLAVIO ALFARO,20177,986,20
FLAVIO ALFARO,SAN FRANCISCO DE NOVILLO,2707,260,10
FLAVIO ALFARO,ZAPALLO,3531,100,35
JIPIJAPA,JIPIJAPA,54639,385,142
JIPIJAPA,AMÉRICA,3418,90,38
JIPIJAPA,EL ANEGADO,7020,117,60
JIPIJAPA,JULCUY,1816,296,6
JIPIJAPA,LA UNIÓN,1747,48,37
JIPIJAPA,MEMBRILLAL,955,82,12
JIPIJAPA,PEDRO PABLO GÓMEZ,4067,276,15
JIPIJAPA,PUERTO CAYO,4455,183,24
JUNÍN,JUNÍN,22324,267,84
MANTA,MANTA,261871,90,2903
MANTA,SAN LORENZO,5444,162,34
MANTA,SANTA MARIANITA,3830,38,101
MONTECRISTI,MONTECRISTI,96858,599,162
MONTECRISTI,LA PILA,3079,106,29
PAJÁN,PAJÁN,14312,142,101
PAJÁN,CAMPOZANO,8736,239,37
PAJÁN,CASCOL,8764,465,19
PAJÁN,GUALE,4727,113,42
PAJÁN,LASCANO,5340,141,38
PICHINCHA,PICHINCHA,17293,501,35
PICHINCHA,BARRAGANETE,8300,428,19
PICHINCHA,SAN SEBASTIÁN,4787,146,33
ROCAFUERTE,ROCAFUERTE,42688,279,153
SANTA ANA,SANTA ANA DE VUELTA LARGA,24506,293,84
SANTA ANA,AYACUCHO,7934,104,76
SANTA ANA,HONORATO VÁSQUEZ,5813,161,36
SANTA ANA,LA UNIÓN,7200,240,30
SANTA ANA,SAN PABLO,6009,221,27
SUCRE,BAHIA DE CARÁQUEZ,27284,169,162
SUCRE,CHARAPOTÓ,23361,248,94
SUCRE,SAN ISIDRO,12196,276,44
TOSAGUA,TOSAGUA,31309,248,126
TOSAGUA,BACHILLERO,4438,58,76
TOSAGUA,ÁNGEL PEDRO GILER,7106,75,95
24 DE MAYO,SUCRE,15645,203,77
24 DE MAYO,BELLAVISTA,5693,118,48
24 DE MAYO,NOBOA,7063,151,47
24 DE MAYO,ARQUITECTO SIXTO DURÁN BALLÉN,3072,75,41
PEDERNALES,PEDERNALES,43049,697,62
PEDERNALES,COJIMÍES,18664,871,21
PEDERNALES,DIEZ DE AGOSTO,6140,231,27
PEDERNALES,ATAHUALPA,2555,170,15
OLMEDO,OLMEDO,10090,257,39
PUERTO LÓPEZ,PUERTO LÓPEZ,13489,205,66
PUERTO LÓPEZ,MACHALILLA,6303,137,46
PUERTO LÓPEZ,SALANGO,5838,87,67
JAMA,JAMA,16588,568,29
JARAMIJÓ,JARAMIJÓ,29759,97,308
SAN VICENTE,SAN VICENTE,16880,341,50
SAN VICENTE,CANOA,8117,396,21
MORONA,MACAS,22621,49,459
MORONA,ALSHI,399,269,1
MORONA,GENERAL PROAÑO,4929,73,67
MORONA,SAN ISIDRO,1221,129,9
MORONA,SEVILLA DON BOSCO,18647,2246,8
MORONA,SINAÍ,1034,405,3
MORONA,ZUÑA,223,625,0
MORONA,CUCHAENTZA,2813,345,8
MORONA,RÍO BLANCO,3048,225,14
GUALAQUIZA,GUALAQUIZA,12323,366,34
GUALAQUIZA,AMAZONAS,165,286,1
GUALAQUIZA,BERMEJOS,209,104,2
GUALAQUIZA,BOMBOÍZA,6557,683,10
GUALAQUIZA,CHIGÜINDA,551,161,3
GUALAQUIZA,EL ROSARIO,570,135,4
GUALAQUIZA,NUEVA TARQUI,663,55,12
GUALAQUIZA,SAN MIGUEL DE CUYES,125,271,0
GUALAQUIZA,EL IDEAL,729,99,7
LIMÓN INDANZA,GRAL LEONIDAS PLAZA GUTIÉRREZ,4675,287,16
LIMÓN INDANZA,INDANZA,1091,70,16
LIMÓN INDANZA,SAN ANTONIO,1468,802,2
LIMÓN INDANZA,SAN MIGUEL DE CONCHAY,424,129,3
LIMÓN INDANZA,SANTA SUSANA DE CHIVIAZA,818,285,3
LIMÓN INDANZA,YUNGANZA,1126,257,4
PALORA,PALORA,6717,121,56
PALORA,ARAPICOS,974,214,5
PALORA,CUMANDÁ,315,822,0
PALORA,SANGAY,2515,202,12
PALORA,16 DE AGOSTO,1361,92,15
SANTIAGO,SANTIAGO DE MÉNDEZ,3366,287,12
SANTIAGO,COPAL,443,443,1
SANTIAGO,CHUPIANZA,663,101,7
SANTIAGO,PATUCA,1924,257,7
SANTIAGO,SAN LUIS DE EL ACHO,596,57,10
SANTIAGO,TAYUZA,1606,95,17
SANTIAGO,SAN FRANCISCO DE CHINIMBIMI,1157,127,9
SUCÚA,SUCÚA,16309,719,23
SUCÚA,ASUNCIÓN,2419,196,12
SUCÚA,HUAMBI,3398,223,15
SUCÚA,SANTA MARIANITA DE JESÚS,1378,58,24
HUAMBOYA,HUAMBOYA,4083,184,22
HUAMBOYA,CHIGUAZA,6747,472,14
SAN JUAN BOSCO,SAN JUAN BOSCO,2547,129,20
SAN JUAN BOSCO,PAN DE AZÚCAR,218,150,1
SAN JUAN BOSCO,SAN CARLOS DE LIMÓN,911,679,1
SAN JUAN BOSCO,SAN JACINTO DE WAKAMBEIS,219,44,5
SAN JUAN BOSCO,SANTIAGO DE PANANZA,477,88,5
TAISHA,TAISHA,7817,1326,6
TAISHA,HUASAGA,2069,1253,2
TAISHA,MACUMA,7360,1269,6
TAISHA,TUUTINENTSA,5229,959,5
TAISHA,PUMPUENTSA,4225,1329,3
LOGROÑO,LOGROÑO,2604,55,47
LOGROÑO,YAUPI,2206,859,3
LOGROÑO,SHIMPIS,2674,265,10
PABLO SEXTO,PABLO SEXTO,2267,1389,2
TIWINTZA,SANTIAGO,5511,649,8
TIWINTZA,SAN JOSÉ DE MORONA,3774,532,7
TENA,TENA,39578,81,486
TENA,AHUANO,7476,429,17
TENA,CHONTAPUNTA,8721,963,9
TENA,PANO,2179,793,3
TENA,PUERTO MISAHUALLÍ,4868,336,15
TENA,PUERTO NAPO,7152,224,32
TENA,TÁLAG,3528,919,4
TENA,SAN JUAN DE MUYUNA,7314,162,45
ARCHIDONA,ARCHIDONA,15316,979,16
ARCHIDONA,COTUNDO,6879,1532,4
ARCHIDONA,SAN PABLO DE USHPAYACU,5657,153,37
ARCHIDONA,HATUN SUMAKU,2636,393,7
EL CHACO,EL CHACO,5624,58,98
EL CHACO,GONZALO DÍAZ DE PINEDA,519,193,0
EL CHACO,LINARES,174,244,1
EL CHACO,OYACACHI,697,819,1
EL CHACO,SANTA ROSA,1653,308,5
EL CHACO,SARDINAS,585,127,5
QUIJOS,BAEZA,2256,161,14
QUIJOS,COSANGA,471,481,1
QUIJOS,CUYUJA,504,258,2
QUIJOS,PAPALLACTA,635,315,2
QUIJOS,SAN FRANCISCO DE BORJA,2474,90,28
QUIJOS,SUMACO,132,286,0
CARLOS JULIO AROSEMENA TOLA,CARLOS JULIO AROSEMENA TOLA,4647,501,9
PASTAZA,PUYO,39473,92,430
PASTAZA,CANELOS,2696,453,6
PASTAZA,DIEZ DE AGOSTO,1402,95,15
PASTAZA,FÁTIMA,1645,71,23
PASTAZA,MONTALVO,4863,7949,1
PASTAZA,POMONA,284,55,5
PASTAZA,RÍO CORRIENTES,457,1098,0
PASTAZA,RÍO TIGRE,1055,5643,0
PASTAZA,SARAYACU,4072,2856,1
PASTAZA,SIMÓN BOLÍVAR,7689,1027,7
PASTAZA,TARQUI,14242,93,153
PASTAZA,TENIENTE HUGO ORTIZ,1187,105,11
PASTAZA,VERACRUZ,2361,170,14
PASTAZA,EL TRIUNFO,1328,237,6
MERA,MERA,1909,371,5
MERA,MADRE TIERRA,3684,137,27
MERA,SHELL,9494,24,391
SANTA CLARA,SANTA CLARA,3642,244,15
SANTA CLARA,SAN JOSÉ,879,69,13
ARAJUNO,ARAJUNO,5690,639,9
ARAJUNO,CURARAY,3863,822,0
DISTRITO METROPOLITANO DE QUITO,QUITO,1776364,364,4878
DISTRITO METROPOLITANO DE QUITO,ALANGASÍ,34655,29,118
DISTRITO METROPOLITANO DE QUITO,AMAGUAÑA,43235,56,767
DISTRITO METROPOLITANO DE QUITO,ATAHUALPA,1446,70,21
DISTRITO METROPOLITANO DE QUITO,CALACALÍ,4964,190,26
DISTRITO METROPOLITANO DE QUITO,CALDERÓN,250877,78,3211
DISTRITO METROPOLITANO DE QUITO,CONOCOTO,127815,45,2859
DISTRITO METROPOLITANO DE QUITO,CUMBAYÁ,41819,21,1996
DISTRITO METROPOLITANO DE QUITO,CHAVEZPAMBA,579,11,50
DISTRITO METROPOLITANO DE QUITO,CHECA,11492,88,131
DISTRITO METROPOLITANO DE QUITO,EL QUINCHE,18485,76,243
DISTRITO METROPOLITANO DE QUITO,GUALEA,1704,121,14
DISTRITO METROPOLITANO DE QUITO,GUANGOPOLO,4336,10,426
DISTRITO METROPOLITANO DE QUITO,GUAYLLABAMBA,20584,56,371
DISTRITO METROPOLITANO DE QUITO,LA MERCED,11438,32,362
DISTRITO METROPOLITANO DE QUITO,LLANO CHICO,15113,8,2002
DISTRITO METROPOLITANO DE QUITO,LLOA,1959,542,4
DISTRITO METROPOLITANO DE QUITO,NANEGAL,2959,246,12
DISTRITO METROPOLITANO DE QUITO,NANEGALITO,2776,125,22
DISTRITO METROPOLITANO DE QUITO,NAYÓN,22065,18,1247
DISTRITO METROPOLITANO DE QUITO,NONO,2938,213,14
DISTRITO METROPOLITANO DE QUITO,PACTO,3898,347,11
DISTRITO METROPOLITANO DE QUITO,PERUCHO,704,10,72
DISTRITO METROPOLITANO DE QUITO,PIFO,23202,254,91
DISTRITO METROPOLITANO DE QUITO,PÍNTAG,23240,487,48
DISTRITO METROPOLITANO DE QUITO,POMASQUI,36883,24,1556
DISTRITO METROPOLITANO DE QUITO,PUÉLLARO,5155,73,71
DISTRITO METROPOLITANO DE QUITO,PUEMBO,17780,32,560
DISTRITO METROPOLITANO DE QUITO,SAN ANTONIO,49984,112,448
DISTRITO METROPOLITANO DE QUITO,SAN JOSÉ DE MINAS,5589,294,19
DISTRITO METROPOLITANO DE QUITO,TABABELA,3851,25,152
DISTRITO METROPOLITANO DE QUITO,TUMBACO,79109,66,1207
DISTRITO METROPOLITANO DE QUITO,YARUQUÍ,26564,73,364
DISTRITO METROPOLITANO DE QUITO,ZÁMBIZA,6160,8,814
CAYAMBE,CAYAMBE,49308,255,193
CAYAMBE,ASCÁZUBI,7851,35,227
CAYAMBE,CANGAHUA,18037,336,54
CAYAMBE,OLMEDO,6515,399,16
CAYAMBE,OTÓN,3167,24,130
CAYAMBE,SANTA ROSA DE CUZUBAMBA,5996,22,275
CAYAMBE,SAN JOSÉ DE AYORA,14393,131,110
MEJÍA,MACHACHI,32814,393,84
MEJÍA,ALOAG,10319,213,49
MEJÍA,ALOASÍ,12530,66,191
MEJÍA,CUTUGLAHUA,25422,32,783
MEJÍA,EL CHAUPI,1425,143,10
MEJÍA,MANUEL CORNEJO ASTORGA,3341,494,7
MEJÍA,TAMBILLO,9851,50,197
MEJÍA,UYUMBICHO,6192,21,294
PEDRO MONCAYO,TABACUNDO,21157,71,297
PEDRO MONCAYO,LA ESPERANZA,4701,38,124
PEDRO MONCAYO,MALCHINGUÍ,6307,86,73
PEDRO MONCAYO,TOCACHI,2028,96,21
PEDRO MONCAYO,TUPIGACHI,6290,43,145
RUMIÑAHUI,SANGOLQUÍ,102863,57,1795
RUMIÑAHUI,COTOGCHOA,4384,36,122
RUMIÑAHUI,RUMIPAMBA,657,42,16
SAN MIGUEL DE LOS BANCOS,SAN MIGUEL DE LOS BANCOS,10708,587,18
SAN MIGUEL DE LOS BANCOS,MINDO,2953,269,11
PEDRO VICENTE MALDONADO,PEDRO VICENTE MALDONADO,15475,619,25
PUERTO QUITO,PUERTO QUITO,25067,696,36
AMBATO,AMBATO,188338,47,4006
AMBATO,AMBATILLO,5281,13,413
AMBATO,ATAHUALPA,14231,9,1503
AMBATO,AUGUSTO N MARTÍNEZ,8474,31,276
AMBATO,CONSTANTINO FERNÁNDEZ,3931,20,200
AMBATO,HUACHI GRANDE,15782,14,1115
AMBATO,IZAMBA,22218,29,754
AMBATO,JUAN BENIGNO VELA,7523,36,207
AMBATO,MONTALVO,6193,10,593
AMBATO,PASA,4238,48,88
AMBATO,PICAIHUA,10382,16,650
AMBATO,PILAGÜÍN,11450,426,27
AMBATO,QUISAPINCHA,10777,122,88
AMBATO,SAN BARTOLOMÉ DE PINLLO,10240,11,925
AMBATO,SAN FERNANDO,2035,106,19
AMBATO,SANTA ROSA,28210,40,710
AMBATO,TOTORAS,9674,8,1263
AMBATO,CUNCHIBAMBA,5546,20,276
AMBATO,UNAMUNCHO,6141,15,398
BAÑOS DE AGUA SANTA,BAÑOS,16121,85,190
BAÑOS DE AGUA SANTA,LLIGUA,343,9,39
BAÑOS DE AGUA SANTA,RÍO NEGRO,1274,630,2
BAÑOS DE AGUA SANTA,RÍO VERDE,1337,250,5
BAÑOS DE AGUA SANTA,ULBA,2833,95,30
CEVALLOS,CEVALLOS,10433,19,556
MOCHA,MOCHA,5820,79,73
MOCHA,PINGUILÍ,1440,6,244
PATATE,PATATE,8743,79,110
PATATE,EL TRIUNFO,1360,140,10
PATATE,LOS ANDES,1385,16,85
PATATE,SUCRE,2391,56,42
QUERO,QUERO,14431,94,153
QUERO,RUMIPAMBA,3007,35,85
QUERO,YANAYACU MOCHAPATA,1646,39,42
SAN PEDRO DE PELILEO,PELILEO,28073,58,487
SAN PEDRO DE PELILEO,BENÍTEZ,2626,5,508
SAN PEDRO DE PELILEO,BOLÍVAR,2925,11,271
SAN PEDRO DE PELILEO,COTALÓ,2186,45,49
SAN PEDRO DE PELILEO,CHIQUICHA,2844,16,178
SAN PEDRO DE PELILEO,EL ROSARIO,2675,12,230
SAN PEDRO DE PELILEO,GARCÍA MORENO,7836,16,500
SAN PEDRO DE PELILEO,GUAMBALÓ,8444,26,329
SAN PEDRO DE PELILEO,SALASACA,6288,13,503
SANTIAGO DE PÍLLARO,PÍLLARO,16012,49,324
SANTIAGO DE PÍLLARO,BAQUERIZO MORENO,239,27,9
SANTIAGO DE PÍLLARO,EMILIO MARÍA TERÁN,1531,17,92
SANTIAGO DE PÍLLARO,MARCOS ESPINEL,2266,126,18
SANTIAGO DE PÍLLARO,PRESIDENTE URBINA,3265,13,260
SANTIAGO DE PÍLLARO,SAN ANDRÉS,12231,53,230
SANTIAGO DE PÍLLARO,SAN JOSÉ DE POALÓ,1807,163,11
SANTIAGO DE PÍLLARO,SAN MIGUELITO,5146,22,233
TISALEO,TISALEO,12676,48,262
TISALEO,QUINCHICOTO,1234,11,109
ZAMORA,ZAMORA,17950,395,45
ZAMORA,CUMBARATZA,3617,150,24
ZAMORA,GUADALUPE,3477,253,14
ZAMORA,IMBANA,874,340,3
ZAMORA,SABANILLA,621,308,2
ZAMORA,TIMBARA,1705,306,6
ZAMORA,SAN CARLOS DE LAS MINAS,1942,149,13
CHINCHIPE,ZUMBA,7984,425,19
CHINCHIPE,CHITO,1499,309,5
CHINCHIPE,EL CHORRO,152,14,11
CHINCHIPE,LA CHONTA,241,18,13
CHINCHIPE,PUCAPAMBA,104,25,4
CHINCHIPE,SAN ANDRÉS,357,312,1
NANGARITZA,GUAYZIMI,3158,117,27
NANGARITZA,ZURMI,1915,905,2
NANGARITZA,NUEVO PARAÍSO,801,921,1
NANGARITZA,NANKAIS,555,79,7
YACUAMBI,28 DE MAYO,2979,430,7
YACUAMBI,LA PAZ,2230,318,7
YACUAMBI,TUTUPALI,1182,505,2
YANTZAZA,YANTZAZA,16375,273,60
YANTZAZA,CHICAÑA,2863,265,11
YANTZAZA,LOS ENCUENTROS,4132,475,9
EL PANGUI,EL PANGUI,8336,155,54
EL PANGUI,EL GUISME,1621,94,17
EL PANGUI,PACHICUTZA,1724,128,13
EL PANGUI,TUNDAYME,1087,255,4
CENTINELA DEL CÓNDOR,ZUMBI,5192,165,31
CENTINELA DEL CÓNDOR,TRIUNFO DORADO,986,51,20
CENTINELA DEL CÓNDOR,PANGUINTZA,1704,45,38
PALANDA,PALANDA,3999,442,9
PALANDA,EL PORVENIR DEL CARMEN,1558,529,3
PALANDA,SAN FRANCISCO DEL VERGEL,1603,247,6
PALANDA,VALLADOLID,1258,582,2
PALANDA,LA CANELA,455,243,2
PAQUISHA,PAQUISHA,2253,166,14
PAQUISHA,BELLAVISTA,440,58,8
PAQUISHA,NUEVO QUITO,2044,116,18
SAN CRISTÓBAL,PUERTO BAQUERIZO MORENO,7290,3,248
SAN CRISTÓBAL,EL PROGRESO,865,567,2
SAN CRISTÓBAL,ISLA SANTA MARÍA FLOREANA,145,280,1
ISABELA,PUERTO VILLAMIL,2755,2,1755
ISABELA,TOMÁS DE BERLANGA,295,5526,0
SANTA CRUZ,PUERTO AYORA,12737,3,4407
SANTA CRUZ,BELLA VISTA,3933,1182,3
SANTA CRUZ,SANTA ROSA,563,670,1
LAGO AGRIO,NUEVA LOJA,65791,217,303
LAGO AGRIO,DURENO,3149,246,13
LAGO AGRIO,GENERAL FARFÁN,6681,527,13
LAGO AGRIO,EL ENO,6918,439,16
LAGO AGRIO,PACAYACU,8428,884,10
LAGO AGRIO,JAMBELÍ,3478,445,8
LAGO AGRIO,SANTA CECILIA,8669,239,36
LAGO AGRIO,10 DE AGOSTO,1930,155,12
GONZALO PIZARRO,LUMBAQUÍ,4178,247,17
GONZALO PIZARRO,EL REVENTADOR,1068,986,1
GONZALO PIZARRO,GONZALO PIZARRO,3545,243,15
GONZALO PIZARRO,PUERTO LIBRE,1565,769,2
PUTUMAYO,PUERTO EL CARMEN DE PUTUMAYO,3090,1076,3
PUTUMAYO,PALMA ROJA,1085,601,2
PUTUMAYO,PUERTO BOLÍVAR,76,447,0
PUTUMAYO,PUERTO RODRÍGUEZ,295,382,1
PUTUMAYO,SANTA ELENA,1803,546,3
PUTUMAYO,SANSAHUARI,2669,499,5
SHUSHUFINDI,SHUSHUFINDI,30747,487,63
SHUSHUFINDI,LIMONCOCHA,6857,542,13
SHUSHUFINDI,PAÑACOCHA,746,609,1
SHUSHUFINDI,SAN ROQUE,4483,672,7
SHUSHUFINDI,SAN PEDRO DE LOS COFÁNES,3644,75,49
SHUSHUFINDI,SIETE DE JULIO,4349,120,36
SUCUMBÍOS,LA BONITA,935,129,7
SUCUMBÍOS,EL PLAYÓN DE SAN FRANCISCO,1248,294,4
SUCUMBÍOS,LA SOFÍA,122,649,0
SUCUMBÍOS,ROSA FLORIDA,270,356,1
SUCUMBÍOS,SANTA BÁRBARA,599,89,7
CASCALES,EL DORADO DE CASCALES,3801,713,5
CASCALES,SANTA ROSA DE SUCUMBÍOS,603,59,10
CASCALES,SEVILLA,3106,118,26
CASCALES,NUEVA TRONCAL,4234,372,11
CUYABENO,TARAPOA,6739,1109,6
CUYABENO,CUYABENO,435,2268,0
CUYABENO,AGUAS NEGRAS,1678,489,3
FRANCISCO DE ORELLANA,EL COCA,59104,148,399
FRANCISCO DE ORELLANA,DAYUMA,7253,1238,6
FRANCISCO DE ORELLANA,TARACOA,3107,408,8
FRANCISCO DE ORELLANA,ALEJANDRO LABAKA,1559,982,2
FRANCISCO DE ORELLANA,EL DORADO,3279,136,24
FRANCISCO DE ORELLANA,EL EDÉN,1246,872,1
FRANCISCO DE ORELLANA,GARCÍA MORENO,1491,132,11
FRANCISCO DE ORELLANA,INÉS ARANGO,3661,1479,2
FRANCISCO DE ORELLANA,LA BELLEZA,5168,608,8
FRANCISCO DE ORELLANA,NUEVO PARAÍSO,3511,308,11
FRANCISCO DE ORELLANA,SAN JOSÉ DE GUAYUSA,3255,458,7
FRANCISCO DE ORELLANA,SAN LUIS DE ARMENIA,2496,313,8
AGUARICO,NUEVO ROCAFUERTE,3662,1741,2
AGUARICO,CAPITÁN AUGUSTO RIVADENEYRA,1142,921,1
AGUARICO,CONONACO,708,7124,0
AGUARICO,SANTA MARÍA DE HUIRIRIMA,938,658,1
AGUARICO,YASUNÍ,422,849,0
LA JOYA DE LOS SACHAS,LA JOYA DE LOS SACHAS,25989,191,136
LA JOYA DE LOS SACHAS,ENOKANQUI,3232,76,42
LA JOYA DE LOS SACHAS,POMPEYA,1661,98,17
LA JOYA DE LOS SACHAS,SAN CARLOS,4243,134,32
LA JOYA DE LOS SACHAS,SAN SEBASTIÁN DEL COCA,5280,282,19
LA JOYA DE LOS SACHAS,LAGO SAN PEDRO,2287,77,30
LA JOYA DE LOS SACHAS,RUMIPAMBA,2144,73,29
LA JOYA DE LOS SACHAS,TRES DE NOVIEMBRE,3945,125,32
LA JOYA DE LOS SACHAS,UNIÓN MILAGREÑA,3663,146,25
LORETO,LORETO,7677,95,81
LORETO,ÁVILA,5863,331,18
LORETO,PUERTO MURIALDO,3934,190,21
LORETO,SAN JOSÉ DE PAYAMINO,3576,841,4
LORETO,SAN JOSÉ DE DAHUANO,5461,502,11
LORETO,SAN VICENTE DE HUATICOCHA,1209,192,6
SANTO DOMINGO,SANTO DOMINGO DE LOS COLORADOS,373321,1073,348
SANTO DOMINGO,ALLURIQUÍN,8607,678,13
SANTO DOMINGO,PUERTO LIMÓN,11630,244,48
SANTO DOMINGO,LUZ DE AMÉRICA,11504,311,37
SANTO DOMINGO,SAN JACINTO DEL BÚA,13624,204,67
SANTO DOMINGO,VALLE HERMOSO,9865,310,32
SANTO DOMINGO,EL ESFUERZO,5973,283,21
SANTO DOMINGO,SANTA MARÍA DEL TOACHI,7059,352,20
LA CONCORDIA,LA CONCORDIA,37178,81,459
LA CONCORDIA,MONTERREY,7386,102,72
LA CONCORDIA,LA VILLEGAS,4529,59,77
LA CONCORDIA,PLAN PILOTO,2293,83,28
SANTA ELENA,SANTA ELENA,72598,537,135
SANTA ELENA,ATAHUALPA,4004,77,52
SANTA ELENA,COLONCHE,40058,1147,35
SANTA ELENA,CHANDUY,20558,771,27
SANTA ELENA,MANGLARALTO,37167,425,88
SANTA ELENA,SIMÓN BOLÍVAR,4384,572,8
SANTA ELENA,SAN JOSÉ DE ANCÓN,7918,66,120
LA LIBERTAD,LA LIBERTAD,112247,25,444
SALINAS,SALINAS,35081,17,2049
SALINAS,ANCONCITO,15052,15,1005
SALINAS,JOSÉ LUIS TAMAYO,36668,36,1027
