Cantón;Parroquia;Población;Superficie de la parroquia (km2);Densidad Poblacional
CUENCA;CUENCA;361.524;72;5.044
CUENCA;BAÑOS;21.797;251;87
CUENCA;CUMBE;6.455;75;86
CUENCA;CHAUCHA;1.721;380;5
CUENCA;CHECA;3.204;111;29
CUENCA;CHIQUINTAD;5.738;93;61
CUENCA;LLACAO;7.468;16;468
CUENCA;MOLLETURO;6.882;984;7
CUENCA;NULTI;6.707;27;248
CUENCA;OCTAVIO CORDERO PALACIOS;2.516;21;120
CUENCA;PACCHA;8.497;25;336
CUENCA;QUINGEO;7.318;117;63
CUENCA;RICAURTE;26.919;14;1.932
CUENCA;SAN JOAQUÍN;10.728;204;53
CUENCA;SANTA ANA;7.027;45;156
CUENCA;SAYAUSÍ;10.352;280;37
CUENCA;SIDCAY;5.039;16;312
CUENCA;SININCAY;26.725;47;573
CUENCA;TARQUI;14.144;151;94
CUENCA;TURI;13.901;26;537
CUENCA;VALLE;34.785;44;784
CUENCA;VICTORIA DEL PORTETE;6.654;196;34
GIRÓN;GIRÓN;8.441;240;35
GIRÓN;LA ASUNCIÓN;2.683;54;50
GIRÓN;SAN GERARDO;1.058;49;21
GUALACEO;GUALACEO;22.019;41;531
GUALACEO;DANIEL CÓRDOVA TORAL;1.552;20;77
GUALACEO;JADÁN;4.581;53;87
GUALACEO;MARIANO MORENO;2.513;38;66
GUALACEO;REMIGIO CRESPO TORAL;1.380;31;45
GUALACEO;SAN JUAN;4.696;36;131
GUALACEO;ZHIDMAD;3.045;42;73
GUALACEO;LUIS CORDERO VEGA;2.670;74;36
GUALACEO;SIMÓN BOLÍVAR;732;12;61
NABÓN;NABÓN;9.097;243;37
NABÓN;COCHAPATA;2.981;110;27
NABÓN;EL PROGRESO;1.388;154;9
NABÓN;LAS NIEVES;1.310;124;11
PAUTE;PAUTE;11.497;53;217
PAUTE;BULÁN;1.911;39;49
PAUTE;CHICÁN;3.394;25;138
PAUTE;EL CABO;3.366;23;148
PAUTE;GUARAINAG;701;36;19
PAUTE;SAN CRISTÓBAL;2.819;17;166
PAUTE;TOMEBAMBA;1.315;39;34
PAUTE;DUG DUG;1.779;37;48
PUCARÁ;PUCARÁ;8.001;570;14
PUCARÁ;SAN RAFAEL DE SHARUG;1.692;69;25
SAN FERNANDO;SAN FERNANDO;2.985;120;25
SAN FERNANDO;CHUMBLÍN;753;23;33
SANTA ISABEL;SANTA ISABEL;10.410;185;56
SANTA ISABEL;ABDÓN CALDERÓN;4.228;62;68
SANTA ISABEL;EL CARMEN DE PIJILÍ;2.648;198;13
SANTA ISABEL;SHAGLLI;1.849;279;7
SANTA ISABEL;SAN SALVADOR DE CAÑARIBAMBA;1.618;102;16
SÍGSIG;SÍGSIG;10.656;144;74
SÍGSIG;CUCHIL;1.638;126;13
SÍGSIG;JIMA;2.778;233;12
SÍGSIG;GÜEL;1.058;16;64
SÍGSIG;LUDO;3.429;79;43
SÍGSIG;SAN BARTOLOMÉ;3.368;36;94
SÍGSIG;SAN JOSÉ DE RARANGA;2.065;43;48
OÑA;SAN FELIPE DE OÑA;2.456;218;11
OÑA;SUSUDEL;966;72;13
CHORDELEG;CHORDELEG;6.907;16;423
CHORDELEG;PRINCIPAL;1.158;31;38
CHORDELEG;LA UNIÓN;1.875;14;137
CHORDELEG;LUIS GALARZA ORELLANA;1.237;30;42
CHORDELEG;SAN MARTÍN DE PUZHIO;1.020;14;73
EL PAN;EL PAN;1.085;18;61
EL PAN;SAN VICENTE;1.691;122;14
SEVILLA DE ORO;SEVILLA DE ORO;2.027;65;31
SEVILLA DE ORO;AMALUZA;896;180;5
SEVILLA DE ORO;PALMAS;1.690;70;24
GUACHAPALA;GUACHAPALA;3.586;41;89
CAMILO PONCE ENRÍQUEZ;CAMILO PONCE ENRÍQUEZ;22.810;214;107
GUARANDA;GUARANDA;62.611;508;123
GUARANDA;FACUNDO VELA;1.859;118;16
GUARANDA;JULIO E. MORENO;2.527;83;30
GUARANDA;SALINAS;5.880;466;13
GUARANDA;SAN LORENZO;1.770;92;19
GUARANDA;SAN SIMÓN;4.288;83;52
GUARANDA;SANTA FE;1.896;26;73
GUARANDA;SIMIÁTUG;9.412;297;32
GUARANDA;SAN LUIS DE PAMBIL;7.887;188;42
CHILLANES;CHILLANES;13.855;421;33
CHILLANES;SAN JOSÉ DEL TAMBO;5.947;250;24
CHIMBO;SAN JOSÉ DE CHIMBO;6.020;15;410
CHIMBO;ASUNCIÓN;2.745;35;79
CHIMBO;LA MAGDALENA;2.552;44;59
CHIMBO;SAN SEBASTIÁN;1.176;11;111
CHIMBO;TELIMBELA;3.031;166;18
ECHEANDÍA;ECHEANDÍA;14.654;245;60
SAN MIGUEL;SAN MIGUEL;14.040;94;150
SAN MIGUEL;BALSAPAMBA;2.470;114;22
SAN MIGUEL;BILOVÁN;2.966;139;21
SAN MIGUEL;RÉGULO DE MORA;1.005;85;12
SAN MIGUEL;SAN PABLO;5.180;76;68
SAN MIGUEL;SANTIAGO;1.633;50;33
SAN MIGUEL;SAN VICENTE;1.055;28;37
CALUMA;CALUMA;15.607;176;89
LAS NAVES;LAS NAVES;7.012;150;47
AZOGUES;AZOGUES;41.249;57;730
AZOGUES;COJITAMBO;3.612;19;190
AZOGUES;GUAPÁN;8.921;78;115
AZOGUES;JAVIER LOYOLA;8.591;31;280
AZOGUES;LUIS CORDERO;3.931;24;162
AZOGUES;PINDILIG;1.837;116;16
AZOGUES;RIVERA;1.568;543;3
AZOGUES;SAN MIGUEL;3.615;27;135
AZOGUES;TADAY;1.191;61;20
BIBLIÁN;BIBLIÁN;12.379;60;206
BIBLIÁN;NAZÓN;2.232;51;44
BIBLIÁN;SAN FRANCISCO DE SAGEO;1.471;4;392
BIBLIÁN;TURUPAMBA;1.078;7;165
BIBLIÁN;JERUSALÉN;1.692;61;28
CAÑAR;CAÑAR;17.305;76;227
CAÑAR;CHONTAMARCA;3.191;218;15
CAÑAR;CHOROCOPTE;2.726;34;80
CAÑAR;GENERAL MORALES;2.300;114;20
CAÑAR;GUALLETURO;3.223;291;11
CAÑAR;HONORATO VÁSQUEZ;5.906;77;77
CAÑAR;INGAPIRCA;6.964;414;17
CAÑAR;JUNCAL;1.680;64;26
CAÑAR;SAN ANTONIO;2.127;413;5
CAÑAR;ZHUD;1.683;84;20
CAÑAR;VENTURA;1.357;68;20
CAÑAR;DUCUR;3.688;100;37
LA TRONCAL;LA TRONCAL;46.505;157;297
LA TRONCAL;MANUEL J. CALLE;4.732;61;78
LA TRONCAL;PANCHO NEGRO;10.866;150;72
EL TAMBO;EL TAMBO;9.285;63;147
DÉLEG;DÉLEG;4.273;57;75
DÉLEG;SOLANO;1.773;17;105
SUSCAL;SUSCAL;4.627;53;87
TULCÁN;TULCÁN;64.218;136;473
TULCÁN;EL CARMELO;2.162;66;33
TULCÁN;JULIO ANDRADE;10.594;93;114
TULCÁN;MALDONADO;2.069;201;10
TULCÁN;PIOTER;670;18;38
TULCÁN;TOBAR DONOSO;1.393;624;2
TULCÁN;TUFIÑO;2.692;179;15
TULCÁN;URBINA;1.770;40;44
TULCÁN;EL CHICAL;4.403;443;10
TULCÁN;SANTA MARTHA DE CUBA;2.404;17;145
BOLÍVAR;BOLÍVAR;5.873;100;59
BOLÍVAR;GARCÍA MORENO;1.364;58;23
BOLÍVAR;LOS ANDES;2.536;58;43
BOLÍVAR;MONTE OLIVO;1.699;70;24
BOLÍVAR;SAN VICENTE DE PUSIR;2.254;42;53
BOLÍVAR;SAN RAFAEL;1.951;31;63
ESPEJO;EL ÁNGEL;7.075;114;62
ESPEJO;EL GOALTAL;746;256;3
ESPEJO;LA LIBERTAD;3.718;151;25
ESPEJO;SAN ISIDRO;2.983;46;64
MIRA;MIRA;6.706;101;67
MIRA;CONCEPCIÓN;2.680;149;18
MIRA;JIJÓN Y CAAMAÑO;1.961;281;7
MIRA;JUAN MONTALVO;1.380;53;26
MONTÚFAR;SAN GABRIEL;20.576;146;141
MONTÚFAR;CRISTÓBAL COLÓN;2.901;33;89
MONTÚFAR;CHITÁN DE NAVARRETE;641;39;16
MONTÚFAR;FERNÁNDEZ SALVADOR;1.144;32;36
MONTÚFAR;LA PAZ;3.399;112;30
MONTÚFAR;PIARTAL;929;19;50
SAN PEDRO DE HUACA;HUACA;6.455;43;149
SAN PEDRO DE HUACA;MARISCAL SUCRE;1.482;33;45
LATACUNGA;LATACUNGA;125.651;266;472
LATACUNGA;ALÁQUEZ;7.958;144;55
LATACUNGA;BELISARIO QUEVEDO;7.301;38;192
LATACUNGA;GUAYTACAMA;15.158;27;569
LATACUNGA;JOSEGUANGO BAJO;2.469;18;134
LATACUNGA;MULALÓ;9.101;509;18
LATACUNGA;ONCE DE NOVIEMBRE;3.233;10;311
LATACUNGA;POALÓ;4.960;76;65
LATACUNGA;SAN JUAN DE PASTOCALLE;14.884;140;107
LATACUNGA;TANICUCHI;15.509;53;291
LATACUNGA;TOACASO;11.037;213;52
LA MANÁ;LA MANÁ;47.967;231;208
LA MANÁ;GUASAGANDA;3.866;248;16
LA MANÁ;PUCAYACU;1.960;181;11
PANGUA;EL CORAZÓN;5.529;162;34
PANGUA;MORASPUNGO;13.884;407;34
PANGUA;PINLLOPATA;692;32;21
PANGUA;RAMÓN CAMPAÑA;1.762;118;15
PUJILÍ;PUJILÍ;42.614;295;144
PUJILÍ;ANGAMARCA;3.802;282;13
PUJILÍ;GUANGAJE;4.113;126;33
PUJILÍ;LA VICTORIA;3.561;19;191
PUJILÍ;PILALÓ;1.916;206;9
PUJILÍ;TINGO;4.026;193;21
PUJILÍ;ZUMBAHUA;6.948;209;33
SALCEDO;SAN MIGUEL;39.101;194;202
SALCEDO;ANTONIO JOSÉ HOLGUÍN;3.431;7;472
SALCEDO;CUSUBAMBA;5.949;162;37
SALCEDO;MULALILLO;7.254;41;176
SALCEDO;MULLIQUINDIL;7.632;48;159
SALCEDO;PANSALEO;4.126;16;251
SAQUISILÍ;SAQUISILÍ;16.163;41;391
SAQUISILÍ;CANCHAGUA;3.510;25;138
SAQUISILÍ;CHANTILÍN;2.129;5;452
SAQUISILÍ;COCHAPAMBA;2.554;85;30
SIGCHOS;SIGCHOS;7.560;776;10
SIGCHOS;CHUGCHILLÁN;6.075;249;24
SIGCHOS;ISINLIVI;1.945;85;23
SIGCHOS;LAS PAMPAS;1.850;132;14
SIGCHOS;PALO QUEMADO;1.030;116;9
RIOBAMBA;RIOBAMBA;188.891;62;3.049
RIOBAMBA;CACHA;2.362;29;83
RIOBAMBA;CALPI;6.223;52;120
RIOBAMBA;CUBIJÍES;3.264;13;252
RIOBAMBA;FLORES;2.733;45;61
RIOBAMBA;LICÁN;11.726;21;558
RIOBAMBA;LICTO;6.778;60;113
RIOBAMBA;PUNGALÁ;3.925;279;14
RIOBAMBA;PUNÍN;4.682;52;91
RIOBAMBA;QUIMIAG;4.479;136;33
RIOBAMBA;SAN JUAN;6.309;221;29
RIOBAMBA;SAN LUIS;19.510;30;653
ALAUSÍ;ALAUSÍ;10.303;53;194
ALAUSÍ;ACHUPALLAS;8.117;581;14
ALAUSÍ;GUASUNTOS;1.820;47;39
ALAUSÍ;HUIGRA;1.748;130;13
ALAUSÍ;MULTITUD;1.867;103;18
ALAUSÍ;PISTISHI;257;11;23
ALAUSÍ;PUMALLACTA;588;21;28
ALAUSÍ;SEVILLA;630;21;30
ALAUSÍ;SIBAMBE;3.412;142;24
ALAUSÍ;TIXÁN;8.533;181;47
COLTA;VILLA LA UNIÓN;14.392;220;65
COLTA;CAÑI;711;110;6
COLTA;COLUMBE;9.132;167;55
COLTA;JUAN DE VELASCO;3.045;266;11
COLTA;SANTIAGO DE QUITO;3.188;56;57
CHAMBO;CHAMBO;13.431;166;81
CHUNCHI;CHUNCHI;6.828;127;54
CHUNCHI;CAPZOL;684;25;27
CHUNCHI;COMPUD;724;29;25
CHUNCHI;GONZOL;1.083;25;43
CHUNCHI;LLAGOS;1.316;67;20
GUAMOTE;GUAMOTE;19.382;386;50
GUAMOTE;CEBADAS;6.414;567;11
GUAMOTE;PALMIRA;9.973;242;41
GUANO;GUANO;22.764;94;243
GUANO;GUANANDO;224;15;15
GUANO;ILAPO;1.156;33;35
GUANO;LA PROVIDENCIA;659;10;65
GUANO;SAN ANDRÉS;13.154;164;80
GUANO;SAN GERARDO;3.281;7;461
GUANO;SAN ISIDRO DE PATULÚ;4.472;77;58
GUANO;SAN JOSÉ DEL CHAZO;872;15;60
GUANO;SANTA FÉ DE GALÁN;1.471;29;50
GUANO;VALPARAISO;274;21;13
PALLATANGA;PALLATANGA;11.796;380;31
PENIPE;PENIPE;2.400;32;76
PENIPE;EL ALTAR;1.294;74;17
PENIPE;MATUS;786;74;11
PENIPE;PUELA;533;73;7
PENIPE;SAN ANTONIO DE BAYUSHIG;1.097;4;283
PENIPE;LA CANDELARIA;389;89;4
PENIPE;BILBAO;249;25;10
CUMANDÁ;CUMANDÁ;16.602;159;104
MACHALA;MACHALA;301.771;246;1.228
MACHALA;EL RETIRO;4.538;127;36
ARENILLAS;ARENILLAS;23.919;260;92
ARENILLAS;CHACRAS;1.926;97;20
ARENILLAS;PALMALES;3.385;211;16
ARENILLAS;CARCABÓN;883;78;11
ARENILLAS;LA CUCA;2.253;141;16
ATAHUALPA;PACCHA;2.509;49;51
ATAHUALPA;AYAPAMBA;1.413;100;14
ATAHUALPA;CORDONCILLO;985;31;32
ATAHUALPA;MILAGRO;435;3;154
ATAHUALPA;SAN JOSÉ;468;2;192
ATAHUALPA;SAN JUAN DE CERRO AZUL;302;96;3
BALSAS;BALSAS;6.289;56;112
BALSAS;BELLAMARÍA;1.586;13;124
CHILLA;CHILLA;2.251;332;7
EL GUABO;EL GUABO;35.467;236;150
EL GUABO;BARBONES;7.364;69;107
EL GUABO;LA IBERIA;4.433;14;320
EL GUABO;TENDALES;5.388;106;51
EL GUABO;RÍO BONITO;6.884;155;44
HUAQUILLAS;HUAQUILLAS;56.303;99;571
MARCABELÍ;MARCABELÍ;6.614;130;51
MARCABELÍ;EL INGENIO;256;19;14
PASAJE;PASAJE;60.966;131;465
PASAJE;BUENAVISTA;7.744;41;188
PASAJE;CASACAY;2.887;61;47
PASAJE;LA PEAÑA;4.025;16;248
PASAJE;PROGRESO;4.906;149;33
PASAJE;UZHCURRUMI;904;30;30
PASAJE;CAÑAQUEMADA;2.165;27;80
PIÑAS;PIÑAS;20.479;120;171
PIÑAS;CAPIRO;1.820;145;13
PIÑAS;LA BOCANA;1.357;60;22
PIÑAS;MOROMORO;1.264;84;15
PIÑAS;PIEDRAS;517;40;13
PIÑAS;SAN ROQUE;1.194;48;25
PIÑAS;SARACAY;2.775;117;24
PORTOVELO;PORTOVELO;11.389;36;312
PORTOVELO;CURTINCAPA;538;17;31
PORTOVELO;MORALES;692;78;9
PORTOVELO;SALATÍ;937;152;6
SANTA ROSA;SANTA ROSA;61.493;142;434
SANTA ROSA;BELLAVISTA;5.047;52;97
SANTA ROSA;JAMBELÍ;1.246;326;4
SANTA ROSA;LA AVANZADA;2.435;66;37
SANTA ROSA;SAN ANTONIO;1.446;23;64
SANTA ROSA;TORATA;2.174;66;33
SANTA ROSA;VICTORIA;3.726;113;33
SANTA ROSA;BELLAMARÍA;2.732;108;25
ZARUMA;ZARUMA;11.592;17;678
ZARUMA;ABAÑÍN;1.333;76;18
ZARUMA;ARCAPAMBA;970;14;68
ZARUMA;GUANAZÁN;2.195;181;12
ZARUMA;GUIZHAGUIÑA;1.832;157;12
ZARUMA;HUERTAS;2.310;47;49
ZARUMA;MALVAS;963;10;94
ZARUMA;MULUNCAY GRANDE;817;7;111
ZARUMA;SINSAO;1.594;45;35
ZARUMA;SALVIAS;768;97;8
LAS LAJAS;LA VICTORIA;3.287;108;30
LAS LAJAS;LA LIBERTAD;871;83;10
LAS LAJAS;EL PARAÍSO;880;78;11
LAS LAJAS;SAN ISIDRO;700;29;24
ESMERALDAS;ESMERALDAS;170.529;70;2.422
ESMERALDAS;CAMARONES;3.949;167;24
ESMERALDAS;CORONEL CARLOS CONCHA TORRES;2.760;289;10
ESMERALDAS;CHINCA;5.109;224;23
ESMERALDAS;MAJUA;3.368;125;27
ESMERALDAS;SAN MATEO;7.975;180;44
ESMERALDAS;TABIAZO;2.789;139;20
ESMERALDAS;TACHINA;6.439;73;88
ESMERALDAS;VUELTA LARGA;8.930;78;115
ELOY ALFARO;VALDEZ;5.848;97;60
ELOY ALFARO;ANCHAYACU;3.075;219;14
ELOY ALFARO;ATAHUALPA;1.388;220;6
ELOY ALFARO;BORBÓN;9.079;200;45
ELOY ALFARO;LA TOLA;2.949;172;17
ELOY ALFARO;LUIS VARGAS TORRES;535;765;1
ELOY ALFARO;MALDONADO;2.100;58;36
ELOY ALFARO;PAMPANAL DE BOLÍVAR;1.363;114;12
ELOY ALFARO;SAN FRANCISCO DE ONZOLE;1.838;181;10
ELOY ALFARO;SANTO DOMINGO DE ONZOLE;3.577;681;5
ELOY ALFARO;SELVA ALEGRE;1.466;50;30
ELOY ALFARO;TELEMBÍ;6.316;1.427;4
ELOY ALFARO;COLÓN ELOY DEL MARÍA;2.200;72;31
ELOY ALFARO;SAN JOSÉ DE CAYAPAS;1.433;120;12
ELOY ALFARO;TIMBIRÉ;1.153;22;53
ELOY ALFARO;SANTA LUCÍA DE LAS PEÑAS;1.985;82;24
MUISNE;MUISNE;8.788;142;62
MUISNE;BOLÍVAR;2.569;50;51
MUISNE;DAULE;2.842;110;26
MUISNE;GALERA;1.659;68;25
MUISNE;QUINGUE;533;28;19
MUISNE;SÁLIMA;1.439;54;27
MUISNE;SAN FRANCISCO;5.023;191;26
MUISNE;SAN GREGORIO;7.864;470;17
MUISNE;SAN JOSÉ DE CHAMANGA;5.709;153;37
QUININDÉ;ROSA ZÁRATE;55.722;1.022;55
QUININDÉ;CUBE;7.872;656;12
QUININDÉ;CHURA;3.241;184;18
QUININDÉ;MALIMPIA;19.870;1.005;20
QUININDÉ;VICHE;5.975;97;62
QUININDÉ;LA UNIÓN;34.161;657;52
SAN LORENZO;SAN LORENZO;32.591;248;131
SAN LORENZO;ALTO TAMBO;1.867;1.136;2
SAN LORENZO;ANCÓN;1.415;59;24
SAN LORENZO;CALDERÓN;1.176;32;37
SAN LORENZO;CARONDELET;1.117;69;16
SAN LORENZO;5 DE JUNIO;247;218;1
SAN LORENZO;CONCEPCIÓN;1.980;219;9
SAN LORENZO;MATAJE;1.053;311;3
SAN LORENZO;SAN JAVIER DE CACHAVÍ;786;46;17
SAN LORENZO;SANTA RITA;1.638;81;20
SAN LORENZO;TAMBILLO;1.369;227;6
SAN LORENZO;TULULBÍ;2.641;350;8
SAN LORENZO;URBINA;511;101;5
ATACAMES;ATACAMES;21.868;104;210
ATACAMES;LA UNIÓN;3.358;114;29
ATACAMES;SÚA;4.412;72;61
ATACAMES;TONCHIGÜE;8.300;138;60
ATACAMES;TONSUPA;13.266;83;160
RIOVERDE;RIOVERDE;7.124;74;97
RIOVERDE;CHONTADURO;4.156;216;19
RIOVERDE;CHUMUNDÉ;4.508;539;8
RIOVERDE;LAGARTO;5.670;212;27
RIOVERDE;MONTALVO;5.254;317;17
RIOVERDE;ROCAFUERTE;6.173;155;40
GUAYAQUIL;GUAYAQUIL;2.665.392;1.768;1.507
GUAYAQUIL;JUAN GÓMEZ RENDÓN;13.483;308;44
GUAYAQUIL;MORRO;6.502;324;20
GUAYAQUIL;POSORJA;33.709;74;458
GUAYAQUIL;PUNÁ;15.275;1.876;8
GUAYAQUIL;TENGUEL;12.042;141;85
ALFREDO BAQUERIZO MORENO (JUJÁN);ALFREDO BAQUERIZO MORENO (JUJÁN);25.526;228;112
BALAO;BALAO;25.655;439;58
BALZAR;BALZAR;57.829;1.176;49
COLIMES;COLIMES;20.339;544;37
COLIMES;SAN JACINTO;5.912;213;28
DAULE;DAULE;183.399;229;801
DAULE;JUAN BAUTISTA AGUIRRE;9.380;75;126
DAULE;LAUREL;10.558;37;284
DAULE;LIMONAL;9.414;49;194
DAULE;LOS LOJAS;9.695;122;80
DURÁN;ELOY ALFARO;303.910;342;889
EL EMPALME;VELASCO IBARRA;50.951;148;344
EL EMPALME;GUAYAS;18.735;364;52
EL EMPALME;EL ROSARIO;10.081;137;73
EL TRIUNFO;EL TRIUNFO;60.541;560;108
MILAGRO;MILAGRO;173.407;223;776
MILAGRO;CHOBO;3.761;39;96
MILAGRO;MARISCAL SUCRE;6.072;55;110
MILAGRO;ROBERTO ASTUDILLO;12.703;81;156
NARANJAL;NARANJAL;52.002;601;86
NARANJAL;JESÚS MARÍA;6.622;107;62
NARANJAL;SAN CARLOS;9.404;104;91
NARANJAL;SANTA ROSA DE FLANDES;6.196;132;47
NARANJAL;TAURA;9.467;757;12
NARANJITO;NARANJITO;44.169;231;191
PALESTINA;PALESTINA;18.019;186;97
PEDRO CARBO;PEDRO CARBO;38.405;521;74
PEDRO CARBO;VALLE DE LA VIRGEN;5.751;100;57
PEDRO CARBO;SABANILLA;8.021;320;25
SAMBORONDÓN;SAMBORONDÓN;81.854;251;327
SAMBORONDÓN;TARIFA;16.686;93;179
SANTA LUCÍA;SANTA LUCÍA;43.700;365;120
SALITRE;EL SALITRE;30.549;132;231
SALITRE;GENERAL VERNAZA;10.522;85;124
SALITRE;LA VICTORIA;7.309;81;90
SALITRE;JUNQUILLAL;12.680;94;134
SAN JACINTO DE YAGUACHI;SAN JACINTO DE YAGUACHI;32.914;277;119
SAN JACINTO DE YAGUACHI;GENERAL PEDRO J. MONTERO;8.461;94;90
SAN JACINTO DE YAGUACHI;YAGUACHI VIEJO;13.140;108;122
SAN JACINTO DE YAGUACHI;VIRGEN DE FÁTIMA;18.184;52;351
PLAYAS;GENERAL VILLAMIL;58.768;270;218
SIMÓN BOLÍVAR;SIMÓN BOLÍVAR;16.448;132;124
SIMÓN BOLÍVAR;CORONEL LORENZO DE GARAYCOA;12.979;158;82
CORONEL MARCELINO MARIDUEÑA;CORONEL MARCELINO MARIDUEÑA;13.183;254;52
LOMAS DE SARGENTILLO;LOMAS DE SARGENTILLO;22.254;72;310
NOBOL;NARCISA DE JESÚS;23.850;135;177
GENERAL  ANTONIO ELIZALDE;GENERAL ANTONIO ELIZALDE;11.810;141;83
ISIDRO AYORA;ISIDRO AYORA;14.305;492;29
IBARRA;SAN MIGUEL DE IBARRA;168.068;243;691
IBARRA;AMBUQUÍ;6.143;126;49
IBARRA;ANGOCHAGUA;3.561;118;30
IBARRA;CAROLINA;3.258;273;12
IBARRA;LA ESPERANZA;8.681;35;248
IBARRA;LITA;3.964;238;17
IBARRA;SALINAS;2.374;77;31
IBARRA;SAN ANTONIO;21.420;29;738
ANTONIO ANTE;ATUNTAQUI;28.099;22;1.253
ANTONIO ANTE;IMBAYA;1.610;12;139
ANTONIO ANTE;SAN FRANCISCO DE NATABUELA;7.974;11;752
ANTONIO ANTE;SAN JOSÉ DE CHALTURA;3.862;17;227
ANTONIO ANTE;SAN ROQUE;12.226;18;668
COTACACHI;COTACACHI;21.414;66;325
COTACACHI;APUELA;1.936;202;10
COTACACHI;GARCÍA MORENO;11.566;886;13
COTACACHI;IMANTAG;5.476;229;24
COTACACHI;PEÑAHERRERA;1.780;123;15
COTACACHI;PLAZA GUTIÉRREZ;328;76;4
COTACACHI;QUIROGA;8.245;46;181
COTACACHI;SEIS DE JULIO DE CUELLAJE;1.664;182;9
COTACACHI;VACAS GALINDO;592;55;11
OTAVALO;OTAVALO;55.534;79;700
OTAVALO;DR. MIGUEL EGAS CABEZAS;6.914;10;682
OTAVALO;EUGENIO ESPEJO;8.812;28;315
OTAVALO;GONZÁLEZ SUÁREZ;7.434;50;148
OTAVALO;PATAQUÍ;221;10;22
OTAVALO;SAN JOSÉ DE QUICHINCHE;8.458;165;51
OTAVALO;SAN JUAN DE ILUMÁN;9.299;20;454
OTAVALO;SAN PABLO;11.146;64;175
OTAVALO;SAN RAFAEL;5.184;18;290
OTAVALO;SELVA ALEGRE;1.301;86;15
PIMAMPIRO;PIMAMPIRO;10.076;93;109
PIMAMPIRO;CHUGÁ;1.020;49;21
PIMAMPIRO;MARIANO ACOSTA;1.294;131;10
PIMAMPIRO;SAN FRANCISCO DE SIGSIPAMBA;976;166;6
SAN MIGUEL DE URCUQUÍ;URCUQUÍ;6.551;60;109
SAN MIGUEL DE URCUQUÍ;CAHUASQUÍ;1.871;127;15
SAN MIGUEL DE URCUQUÍ;LA MERCED DE BUENOS AIRES;2.004;384;5
SAN MIGUEL DE URCUQUÍ;PABLO ARENAS;2.339;54;43
SAN MIGUEL DE URCUQUÍ;SAN BLAS;3.524;74;48
SAN MIGUEL DE URCUQUÍ;TUMBABIRO;1.680;38;45
LOJA;LOJA;214.296;285;752
LOJA;CHANTACO;1.025;24;43
LOJA;CHUQUIRIBAMBA;2.114;72;29
LOJA;EL CISNE;1.639;109;15
LOJA;GUALEL;2.082;100;21
LOJA;JIMBILLA;1.010;102;10
LOJA;MALACATOS;8.669;206;42
LOJA;SAN LUCAS;4.686;157;30
LOJA;SAN PEDRO DE VILCABAMBA;1.305;67;19
LOJA;SANTIAGO;1.051;102;10
LOJA;TAQUIL;3.720;92;40
LOJA;VILCABAMBA;5.516;160;35
LOJA;YANGANA;1.413;268;5
LOJA;QUINARA;1.502;148;10
CALVAS;CARIAMANGA;19.551;349;56
CALVAS;COLAISACA;1.430;193;7
CALVAS;EL LUCERO;2.658;93;28
CALVAS;UTUANA;1.016;117;9
CALVAS;SANGUILLÍN;1.387;99;14
CATAMAYO;CATAMAYO;28.127;148;191
CATAMAYO;EL TAMBO;4.439;203;22
CATAMAYO;GUAYQUICHUMA;293;106;3
CATAMAYO;SAN PEDRO DE LA BENDITA;1.924;147;13
CATAMAYO;ZAMBI;457;49;9
CELICA;CELICA;6.685;238;28
CELICA;CRUZPAMBA;1.165;27;43
CELICA;PÓZUL;3.273;82;40
CELICA;SABANILLA;2.552;139;18
CELICA;TENIENTE MAXIMILIANO RODRÍGUEZ LOAIZA;704;35;20
CHAGUARPAMBA;CHAGUARPAMBA;3.466;101;34
CHAGUARPAMBA;BUENAVISTA;1.193;44;27
CHAGUARPAMBA;EL ROSARIO;382;92;4
CHAGUARPAMBA;SANTA RUFINA;1.211;54;22
CHAGUARPAMBA;AMARILLOS;605;22;28
ESPÍNDOLA;AMALUZA;4.142;123;34
ESPÍNDOLA;BELLAVISTA;2.163;77;28
ESPÍNDOLA;JIMBURA;2.050;97;21
ESPÍNDOLA;SANTA TERESITA;1.450;77;19
ESPÍNDOLA;27 DE ABRIL;1.865;41;45
ESPÍNDOLA;EL INGENIO;1.647;73;23
ESPÍNDOLA;EL AIRO;802;28;29
GONZANAMÁ;GONZANAMÁ;2.883;72;40
GONZANAMÁ;CHANGAIMINA;2.402;104;23
GONZANAMÁ;NAMBACOLA;4.257;297;14
GONZANAMÁ;PURUNUMA;986;97;10
GONZANAMÁ;SACAPALCA;1.719;111;15
MACARÁ;MACARÁ;15.235;369;41
MACARÁ;LARAMA;985;90;11
MACARÁ;LA VICTORIA;1.361;69;20
MACARÁ;SABIANGO;634;45;14
PALTAS;CATACOCHA;12.129;441;27
PALTAS;CANGONAMÁ;991;48;21
PALTAS;GUACHANAMÁ;2.406;279;9
PALTAS;LAURO GUERRERO;1.680;98;17
PALTAS;ORIANGA;1.586;180;9
PALTAS;SAN ANTONIO;1.077;35;31
PALTAS;CASANGA;1.735;52;33
PALTAS;YAMANA;1.237;22;56
PUYANGO;ALAMOR;8.987;241;37
PUYANGO;CIANO;1.335;80;17
PUYANGO;EL ARENAL;1.157;28;42
PUYANGO;EL LIMO;2.423;204;12
PUYANGO;MERCADILLO;1.308;28;47
PUYANGO;VICENTINO;1.047;56;19
SARAGURO;SARAGURO;9.679;76;128
SARAGURO;EL PARAÍSO DE CELEN;2.244;55;41
SARAGURO;EL TABLÓN;972;97;10
SARAGURO;LLUZHAPA;1.558;73;21
SARAGURO;MANÚ;2.142;181;12
SARAGURO;SAN ANTONIO DE QUMBE;1.110;78;14
SARAGURO;SAN PABLO DE TENTA;3.290;155;21
SARAGURO;SAN SEBASTIÁN DE YÚLUC;958;115;8
SARAGURO;SELVA ALEGRE;1.553;45;34
SARAGURO;URDANETA;4.091;119;34
SARAGURO;SUMAYPAMBA;1.514;91;17
SOZORANGA;SOZORANGA;3.671;294;12
SOZORANGA;NUEVA FÁTIMA;816;52;16
SOZORANGA;TACAMOROS;2.483;77;32
ZAPOTILLO;ZAPOTILLO;5.851;195;30
ZAPOTILLO;MANGAHURCO;868;170;5
ZAPOTILLO;GARZAREAL;1.913;190;10
ZAPOTILLO;LIMONES;1.685;231;7
ZAPOTILLO;PALETILLAS;2.574;174;15
ZAPOTILLO;BOLASPAMBA;1.207;131;9
ZAPOTILLO;CAZADEROS;473;120;4
PINDAL;PINDAL;4.393;50;89
PINDAL;CHAQUINAL;995;17;58
PINDAL;12 DE DICIEMBRE;2.060;43;48
PINDAL;MILAGROS;2.961;92;32
QUILANGA;QUILANGA;2.559;93;28
QUILANGA;FUNDOCHAMBA;293;36;8
QUILANGA;SAN ANTONIO DE LAS ARADAS;1.119;108;10
OLMEDO;OLMEDO;3.702;62;60
OLMEDO;LA TINGUE;462;52;9
BABAHOYO;BABAHOYO;112.033;169;662
BABAHOYO;CARACOL;5.226;92;57
BABAHOYO;FEBRES CORDERO;19.012;344;55
BABAHOYO;PIMOCHA;28.145;279;101
BABAHOYO;LA UNIÓN;14.093;187;75
BABA;BABA;21.574;171;126
BABA;GUARE;13.581;233;58
BABA;ISLA DE BEJUCAL;10.141;111;91
MONTALVO;MONTALVO;25.875;298;87
MONTALVO;LA ESMERALDA;2.479;57;44
PUEBLOVIEJO;PUEBLOVIEJO;14.972;150;100
PUEBLOVIEJO;PUERTO PECHICHE;5.221;82;64
PUEBLOVIEJO;SAN JUAN;20.768;102;203
QUEVEDO;QUEVEDO;187.103;256;732
QUEVEDO;SAN CARLOS;12.037;84;144
QUEVEDO;LA ESPERANZA;6.868;39;174
URDANETA;CATARAMA;9.680;50;193
URDANETA;RICAURTE;23.471;335;70
VENTANAS;VENTANAS;49.009;153;320
VENTANAS;ZAPOTAL;18.368;246;75
VENTANAS;CHACARITA;3.101;61;51
VENTANAS;LOS ÁNGELES;2.733;53;52
VINCES;VINCES;63.527;573;111
VINCES;ANTONIO SOTOMAYOR;17.382;138;126
PALENQUE;PALENQUE;24.838;569;44
BUENA FE;SAN JACINTO DE BUENA FE;59.559;415;144
BUENA FE;PATRICIA PILAR;14.851;166;89
VALENCIA;VALENCIA;51.509;970;53
MOCACHE;MOCACHE;42.026;566;74
QUINSALOMA;QUINSALOMA;19.470;289;67
PORTOVIEJO;PORTOVIEJO;252.248;415;608
PORTOVIEJO;ABDÓN CALDERÓN;16.848;121;139
PORTOVIEJO;ALHAJUELA;4.714;31;152
PORTOVIEJO;CRUCITA;16.997;62;274
PORTOVIEJO;PUEBLO NUEVO;4.181;37;113
PORTOVIEJO;RIOCHICO;17.040;91;187
PORTOVIEJO;SAN PLÁCIDO;8.180;139;59
PORTOVIEJO;CHIRIJOS;2.717;61;45
BOLÍVAR;CALCETA;34.702;304;114
BOLÍVAR;MEMBRILLO;3.573;122;29
BOLÍVAR;QUIROGA;3.552;98;36
CHONE;CHONE;76.247;806;95
CHONE;BOYACÁ;4.447;235;19
CHONE;CANUTO;11.134;206;54
CHONE;CONVENTO;6.369;299;21
CHONE;CHIBUNGA;6.083;569;11
CHONE;ELOY ALFARO;6.566;336;20
CHONE;RICAURTE;7.838;399;20
CHONE;SAN ANTONIO;9.482;212;45
EL CARMEN;EL CARMEN;84.141;755;111
EL CARMEN;WILFRIDO LOOR MOREIRA;3.911;290;13
EL CARMEN;SAN PEDRO DE SUMA;7.252;189;38
EL CARMEN;SANTA MARÍA;13.668;339;40
EL CARMEN;EL PARAÍSO LA 14;11.964;167;71
FLAVIO ALFARO;FLAVIO ALFARO;20.177;986;20
FLAVIO ALFARO;SAN FRANCISCO DE NOVILLO;2.707;260;10
FLAVIO ALFARO;ZAPALLO;3.531;100;35
JIPIJAPA;JIPIJAPA;54.639;385;142
JIPIJAPA;AMÉRICA;3.418;90;38
JIPIJAPA;EL ANEGADO;7.020;117;60
JIPIJAPA;JULCUY;1.816;296;6
JIPIJAPA;LA UNIÓN;1.747;48;37
JIPIJAPA;MEMBRILLAL;955;82;12
JIPIJAPA;PEDRO PABLO GÓMEZ;4.067;276;15
JIPIJAPA;PUERTO CAYO;4.455;183;24
JUNÍN;JUNÍN;22.324;267;84
MANTA;MANTA;261.871;90;2.903
MANTA;SAN LORENZO;5.444;162;34
MANTA;SANTA MARIANITA;3.830;38;101
MONTECRISTI;MONTECRISTI;96.858;599;162
MONTECRISTI;LA PILA;3.079;106;29
PAJÁN;PAJÁN;14.312;142;101
PAJÁN;CAMPOZANO;8.736;239;37
PAJÁN;CASCOL;8.764;465;19
PAJÁN;GUALE;4.727;113;42
PAJÁN;LASCANO;5.340;141;38
PICHINCHA;PICHINCHA;17.293;501;35
PICHINCHA;BARRAGANETE;8.300;428;19
PICHINCHA;SAN SEBASTIÁN;4.787;146;33
ROCAFUERTE;ROCAFUERTE;42.688;279;153
SANTA ANA;SANTA ANA DE VUELTA LARGA;24.506;293;84
SANTA ANA;AYACUCHO;7.934;104;76
SANTA ANA;HONORATO VÁSQUEZ;5.813;161;36
SANTA ANA;LA UNIÓN;7.200;240;30
SANTA ANA;SAN PABLO;6.009;221;27
SUCRE;BAHIA DE CARÁQUEZ;27.284;169;162
SUCRE;CHARAPOTÓ;23.361;248;94
SUCRE;SAN ISIDRO;12.196;276;44
TOSAGUA;TOSAGUA;31.309;248;126
TOSAGUA;BACHILLERO;4.438;58;76
TOSAGUA;ÁNGEL PEDRO GILER;7.106;75;95
24 DE MAYO;SUCRE;15.645;203;77
24 DE MAYO;BELLAVISTA;5.693;118;48
24 DE MAYO;NOBOA;7.063;151;47
24 DE MAYO;ARQUITECTO SIXTO DURÁN BALLÉN;3.072;75;41
PEDERNALES;PEDERNALES;43.049;697;62
PEDERNALES;COJIMÍES;18.664;871;21
PEDERNALES;DIEZ DE AGOSTO;6.140;231;27
PEDERNALES;ATAHUALPA;2.555;170;15
OLMEDO;OLMEDO;10.090;257;39
PUERTO LÓPEZ;PUERTO LÓPEZ;13.489;205;66
PUERTO LÓPEZ;MACHALILLA;6.303;137;46
PUERTO LÓPEZ;SALANGO;5.838;87;67
JAMA;JAMA;16.588;568;29
JARAMIJÓ;JARAMIJÓ;29.759;97;308
SAN VICENTE;SAN VICENTE;16.880;341;50
SAN VICENTE;CANOA;8.117;396;21
MORONA;MACAS;22.621;49;459
MORONA;ALSHI;399;269;1
MORONA;GENERAL PROAÑO;4.929;73;67
MORONA;SAN ISIDRO;1.221;129;9
MORONA;SEVILLA DON BOSCO;18.647;2.246;8
MORONA;SINAÍ;1.034;405;3
MORONA;ZUÑA;223;625;0
MORONA;CUCHAENTZA;2.813;345;8
MORONA;RÍO BLANCO;3.048;225;14
GUALAQUIZA;GUALAQUIZA;12.323;366;34
GUALAQUIZA;AMAZONAS;165;286;1
GUALAQUIZA;BERMEJOS;209;104;2
GUALAQUIZA;BOMBOÍZA;6.557;683;10
GUALAQUIZA;CHIGÜINDA;551;161;3
GUALAQUIZA;EL ROSARIO;570;135;4
GUALAQUIZA;NUEVA TARQUI;663;55;12
GUALAQUIZA;SAN MIGUEL DE CUYES;125;271;0
GUALAQUIZA;EL IDEAL;729;99;7
LIMÓN INDANZA;GRAL. LEONIDAS PLAZA GUTIÉRREZ;4.675;287;16
LIMÓN INDANZA;INDANZA;1.091;70;16
LIMÓN INDANZA;SAN ANTONIO;1.468;802;2
LIMÓN INDANZA;SAN MIGUEL DE CONCHAY;424;129;3
LIMÓN INDANZA;SANTA SUSANA DE CHIVIAZA;818;285;3
LIMÓN INDANZA;YUNGANZA;1.126;257;4
PALORA;PALORA;6.717;121;56
PALORA;ARAPICOS;974;214;5
PALORA;CUMANDÁ;315;822;0
PALORA;SANGAY;2.515;202;12
PALORA;16 DE AGOSTO;1.361;92;15
SANTIAGO;SANTIAGO DE MÉNDEZ;3.366;287;12
SANTIAGO;COPAL;443;443;1
SANTIAGO;CHUPIANZA;663;101;7
SANTIAGO;PATUCA;1.924;257;7
SANTIAGO;SAN LUIS DE EL ACHO;596;57;10
SANTIAGO;TAYUZA;1.606;95;17
SANTIAGO;SAN FRANCISCO DE CHINIMBIMI;1.157;127;9
SUCÚA;SUCÚA;16.309;719;23
SUCÚA;ASUNCIÓN;2.419;196;12
SUCÚA;HUAMBI;3.398;223;15
SUCÚA;SANTA MARIANITA DE JESÚS;1.378;58;24
HUAMBOYA;HUAMBOYA;4.083;184;22
HUAMBOYA;CHIGUAZA;6.747;472;14
SAN JUAN BOSCO;SAN JUAN BOSCO;2.547;129;20
SAN JUAN BOSCO;PAN DE AZÚCAR;218;150;1
SAN JUAN BOSCO;SAN CARLOS DE LIMÓN;911;679;1
SAN JUAN BOSCO;SAN JACINTO DE WAKAMBEIS;219;44;5
SAN JUAN BOSCO;SANTIAGO DE PANANZA;477;88;5
TAISHA;TAISHA;7.817;1.326;6
TAISHA;HUASAGA;2.069;1.253;2
TAISHA;MACUMA;7.360;1.269;6
TAISHA;TUUTINENTSA;5.229;959;5
TAISHA;PUMPUENTSA;4.225;1.329;3
LOGROÑO;LOGROÑO;2.604;55;47
LOGROÑO;YAUPI;2.206;859;3
LOGROÑO;SHIMPIS;2.674;265;10
PABLO SEXTO;PABLO SEXTO;2.267;1.389;2
TIWINTZA;SANTIAGO;5.511;649;8
TIWINTZA;SAN JOSÉ DE MORONA;3.774;532;7
TENA;TENA;39.578;81;486
TENA;AHUANO;7.476;429;17
TENA;CHONTAPUNTA;8.721;963;9
TENA;PANO;2.179;793;3
TENA;PUERTO MISAHUALLÍ;4.868;336;15
TENA;PUERTO NAPO;7.152;224;32
TENA;TÁLAG;3.528;919;4
TENA;SAN JUAN DE MUYUNA;7.314;162;45
ARCHIDONA;ARCHIDONA;15.316;979;16
ARCHIDONA;COTUNDO;6.879;1.532;4
ARCHIDONA;SAN PABLO DE USHPAYACU;5.657;153;37
ARCHIDONA;HATUN SUMAKU;2.636;393;7
EL CHACO;EL CHACO;5.624;58;98
EL CHACO;GONZALO DÍAZ DE PINEDA;519;1.930;0
EL CHACO;LINARES;174;244;1
EL CHACO;OYACACHI;697;819;1
EL CHACO;SANTA ROSA;1.653;308;5
EL CHACO;SARDINAS;585;127;5
QUIJOS;BAEZA;2.256;161;14
QUIJOS;COSANGA;471;481;1
QUIJOS;CUYUJA;504;258;2
QUIJOS;PAPALLACTA;635;315;2
QUIJOS;SAN FRANCISCO DE BORJA;2.474;90;28
QUIJOS;SUMACO;132;286;0
CARLOS JULIO AROSEMENA TOLA;CARLOS JULIO AROSEMENA TOLA;4.647;501;9
PASTAZA;PUYO;39.473;92;430
PASTAZA;CANELOS;2.696;453;6
PASTAZA;DIEZ DE AGOSTO;1.402;95;15
PASTAZA;FÁTIMA;1.645;71;23
PASTAZA;MONTALVO;4.863;7.949;1
PASTAZA;POMONA;284;55;5
PASTAZA;RÍO CORRIENTES;457;1.098;0
PASTAZA;RÍO TIGRE;1.055;5.643;0
PASTAZA;SARAYACU;4.072;2.856;1
PASTAZA;SIMÓN BOLÍVAR;7.689;1.027;7
PASTAZA;TARQUI;14.242;93;153
PASTAZA;TENIENTE HUGO ORTIZ;1.187;105;11
PASTAZA;VERACRUZ;2.361;170;14
PASTAZA;EL TRIUNFO;1.328;237;6
MERA;MERA;1.909;371;5
MERA;MADRE TIERRA;3.684;137;27
MERA;SHELL;9.494;24;391
SANTA CLARA;SANTA CLARA;3.642;244;15
SANTA CLARA;SAN JOSÉ;879;69;13
ARAJUNO;ARAJUNO;5.690;639;9
ARAJUNO;CURARAY;3.863;8.220;0
DISTRITO METROPOLITANO DE QUITO;QUITO;1.776.364;364;4.878
DISTRITO METROPOLITANO DE QUITO;ALANGASÍ;34.655;29;1.180
DISTRITO METROPOLITANO DE QUITO;AMAGUAÑA;43.235;56;767
DISTRITO METROPOLITANO DE QUITO;ATAHUALPA;1.446;70;21
DISTRITO METROPOLITANO DE QUITO;CALACALÍ;4.964;190;26
DISTRITO METROPOLITANO DE QUITO;CALDERÓN;250.877;78;3.211
DISTRITO METROPOLITANO DE QUITO;CONOCOTO;127.815;45;2.859
DISTRITO METROPOLITANO DE QUITO;CUMBAYÁ;41.819;21;1.996
DISTRITO METROPOLITANO DE QUITO;CHAVEZPAMBA;579;11;50
DISTRITO METROPOLITANO DE QUITO;CHECA;11.492;88;131
DISTRITO METROPOLITANO DE QUITO;EL QUINCHE;18.485;76;243
DISTRITO METROPOLITANO DE QUITO;GUALEA;1.704;121;14
DISTRITO METROPOLITANO DE QUITO;GUANGOPOLO;4.336;10;426
DISTRITO METROPOLITANO DE QUITO;GUAYLLABAMBA;20.584;56;371
DISTRITO METROPOLITANO DE QUITO;LA MERCED;11.438;32;362
DISTRITO METROPOLITANO DE QUITO;LLANO CHICO;15.113;8;2.002
DISTRITO METROPOLITANO DE QUITO;LLOA;1.959;542;4
DISTRITO METROPOLITANO DE QUITO;NANEGAL;2.959;246;12
DISTRITO METROPOLITANO DE QUITO;NANEGALITO;2.776;125;22
DISTRITO METROPOLITANO DE QUITO;NAYÓN;22.065;18;1.247
DISTRITO METROPOLITANO DE QUITO;NONO;2.938;213;14
DISTRITO METROPOLITANO DE QUITO;PACTO;3.898;347;11
DISTRITO METROPOLITANO DE QUITO;PERUCHO;704;10;72
DISTRITO METROPOLITANO DE QUITO;PIFO;23.202;254;91
DISTRITO METROPOLITANO DE QUITO;PÍNTAG;23.240;487;48
DISTRITO METROPOLITANO DE QUITO;POMASQUI;36.883;24;1.556
DISTRITO METROPOLITANO DE QUITO;PUÉLLARO;5.155;73;71
DISTRITO METROPOLITANO DE QUITO;PUEMBO;17.780;32;560
DISTRITO METROPOLITANO DE QUITO;SAN ANTONIO;49.984;112;448
DISTRITO METROPOLITANO DE QUITO;SAN JOSÉ DE MINAS;5.589;294;19
DISTRITO METROPOLITANO DE QUITO;TABABELA;3.851;25;152
DISTRITO METROPOLITANO DE QUITO;TUMBACO;79.109;66;1.207
DISTRITO METROPOLITANO DE QUITO;YARUQUÍ;26.564;73;364
DISTRITO METROPOLITANO DE QUITO;ZÁMBIZA;6.160;8;814
CAYAMBE;CAYAMBE;49.308;255;193
CAYAMBE;ASCÁZUBI;7.851;35;227
CAYAMBE;CANGAHUA;18.037;336;54
CAYAMBE;OLMEDO;6.515;399;16
CAYAMBE;OTÓN;3.167;24;130
CAYAMBE;SANTA ROSA DE CUZUBAMBA;5.996;22;275
CAYAMBE;SAN JOSÉ DE AYORA;14.393;131;110
MEJÍA;MACHACHI;32.814;393;84
MEJÍA;ALOAG;10.319;213;49
MEJÍA;ALOASÍ;12.530;66;191
MEJÍA;CUTUGLAHUA;25.422;32;783
MEJÍA;EL CHAUPI;1.425;143;10
MEJÍA;MANUEL CORNEJO ASTORGA;3.341;494;7
MEJÍA;TAMBILLO;9.851;50;197
MEJÍA;UYUMBICHO;6.192;21;294
PEDRO MONCAYO;TABACUNDO;21.157;71;297
PEDRO MONCAYO;LA ESPERANZA;4.701;38;124
PEDRO MONCAYO;MALCHINGUÍ;6.307;86;73
PEDRO MONCAYO;TOCACHI;2.028;96;21
PEDRO MONCAYO;TUPIGACHI;6.290;43;145
RUMIÑAHUI;SANGOLQUÍ;102.863;57;1.795
RUMIÑAHUI;COTOGCHOA;4.384;36;122
RUMIÑAHUI;RUMIPAMBA;657;42;16
SAN MIGUEL DE LOS BANCOS;SAN MIGUEL DE LOS BANCOS;10.708;587;18
SAN MIGUEL DE LOS BANCOS;MINDO;2.953;269;11
PEDRO VICENTE MALDONADO;PEDRO VICENTE MALDONADO;15.475;619;25
PUERTO QUITO;PUERTO QUITO;25.067;696;36
AMBATO;AMBATO;188.338;47;4.006
AMBATO;AMBATILLO;5.281;13;413
AMBATO;ATAHUALPA;14.231;9;1.503
AMBATO;AUGUSTO N. MARTÍNEZ;8.474;31;276
AMBATO;CONSTANTINO FERNÁNDEZ;3.931;20;200
AMBATO;HUACHI GRANDE;15.782;14;1.115
AMBATO;IZAMBA;22.218;29;754
AMBATO;JUAN BENIGNO VELA;7.523;36;207
AMBATO;MONTALVO;6.193;10;593
AMBATO;PASA;4.238;48;88
AMBATO;PICAIHUA;10.382;16;650
AMBATO;PILAGÜÍN;11.450;426;27
AMBATO;QUISAPINCHA;10.777;122;88
AMBATO;SAN BARTOLOMÉ DE PINLLO;10.240;11;925
AMBATO;SAN FERNANDO;2.035;106;19
AMBATO;SANTA ROSA;28.210;40;710
AMBATO;TOTORAS;9.674;8;1.263
AMBATO;CUNCHIBAMBA;5.546;20;276
AMBATO;UNAMUNCHO;6.141;15;398
BAÑOS DE AGUA SANTA;BAÑOS;16.121;85;190
BAÑOS DE AGUA SANTA;LLIGUA;343;9;39
BAÑOS DE AGUA SANTA;RÍO NEGRO;1.274;630;2
BAÑOS DE AGUA SANTA;RÍO VERDE;1.337;250;5
BAÑOS DE AGUA SANTA;ULBA;2.833;95;30
CEVALLOS;CEVALLOS;10.433;19;556
MOCHA;MOCHA;5.820;79;73
MOCHA;PINGUILÍ;1.440;6;244
PATATE;PATATE;8.743;79;110
PATATE;EL TRIUNFO;1.360;140;10
PATATE;LOS ANDES;1.385;16;85
PATATE;SUCRE;2.391;56;42
QUERO;QUERO;14.431;94;153
QUERO;RUMIPAMBA;3.007;35;85
QUERO;YANAYACU MOCHAPATA;1.646;39;42
SAN PEDRO DE PELILEO;PELILEO;28.073;58;487
SAN PEDRO DE PELILEO;BENÍTEZ;2.626;5;508
SAN PEDRO DE PELILEO;BOLÍVAR;2.925;11;271
SAN PEDRO DE PELILEO;COTALÓ;2.186;45;49
SAN PEDRO DE PELILEO;CHIQUICHA;2.844;16;178
SAN PEDRO DE PELILEO;EL ROSARIO;2.675;12;230
SAN PEDRO DE PELILEO;GARCÍA MORENO;7.836;16;500
SAN PEDRO DE PELILEO;GUAMBALÓ;8.444;26;329
SAN PEDRO DE PELILEO;SALASACA;6.288;13;503
SANTIAGO DE PÍLLARO;PÍLLARO;16.012;49;324
SANTIAGO DE PÍLLARO;BAQUERIZO MORENO;239;27;9
SANTIAGO DE PÍLLARO;EMILIO MARÍA TERÁN;1.531;17;92
SANTIAGO DE PÍLLARO;MARCOS ESPINEL;2.266;126;18
SANTIAGO DE PÍLLARO;PRESIDENTE URBINA;3.265;13;260
SANTIAGO DE PÍLLARO;SAN ANDRÉS;12.231;53;230
SANTIAGO DE PÍLLARO;SAN JOSÉ DE POALÓ;1.807;163;11
SANTIAGO DE PÍLLARO;SAN MIGUELITO;5.146;22;233
TISALEO;TISALEO;12.676;48;262
TISALEO;QUINCHICOTO;1.234;11;109
ZAMORA;ZAMORA;17.950;395;45
ZAMORA;CUMBARATZA;3.617;150;24
ZAMORA;GUADALUPE;3.477;253;14
ZAMORA;IMBANA;874;340;3
ZAMORA;SABANILLA;621;308;2
ZAMORA;TIMBARA;1.705;306;6
ZAMORA;SAN CARLOS DE LAS MINAS;1.942;149;13
CHINCHIPE;ZUMBA;7.984;425;19
CHINCHIPE;CHITO;1.499;309;5
CHINCHIPE;EL CHORRO;152;14;11
CHINCHIPE;LA CHONTA;241;18;13
CHINCHIPE;PUCAPAMBA;104;25;4
CHINCHIPE;SAN ANDRÉS;357;312;1
NANGARITZA;GUAYZIMI;3.158;117;27
NANGARITZA;ZURMI;1.915;905;2
NANGARITZA;NUEVO PARAÍSO;801;921;1
NANGARITZA;NANKAIS;555;79;7
YACUAMBI;28 DE MAYO;2.979;430;7
YACUAMBI;LA PAZ;2.230;318;7
YACUAMBI;TUTUPALI;1.182;505;2
YANTZAZA;YANTZAZA;16.375;273;60
YANTZAZA;CHICAÑA;2.863;265;11
YANTZAZA;LOS ENCUENTROS;4.132;475;9
EL PANGUI;EL PANGUI;8.336;155;54
EL PANGUI;EL GUISME;1.621;94;17
EL PANGUI;PACHICUTZA;1.724;128;13
EL PANGUI;TUNDAYME;1.087;255;4
CENTINELA DEL CÓNDOR;ZUMBI;5.192;165;31
CENTINELA DEL CÓNDOR;TRIUNFO DORADO;986;51;20
CENTINELA DEL CÓNDOR;PANGUINTZA;1.704;45;38
PALANDA;PALANDA;3.999;442;9
PALANDA;EL PORVENIR DEL CARMEN;1.558;529;3
PALANDA;SAN FRANCISCO DEL VERGEL;1.603;247;6
PALANDA;VALLADOLID;1.258;582;2
PALANDA;LA CANELA;455;243;2
PAQUISHA;PAQUISHA;2.253;166;14
PAQUISHA;BELLAVISTA;440;58;8
PAQUISHA;NUEVO QUITO;2.044;116;18
SAN CRISTÓBAL;PUERTO BAQUERIZO MORENO;7.290;3;2.480
SAN CRISTÓBAL;EL PROGRESO;865;567;2
SAN CRISTÓBAL;ISLA SANTA MARÍA FLOREANA;145;280;1
ISABELA;PUERTO VILLAMIL;2.755;2;1.755
ISABELA;TOMÁS DE BERLANGA;295;5.526;0
SANTA CRUZ;PUERTO AYORA;12.737;3;4.407
SANTA CRUZ;BELLA VISTA;3.933;1.182;3
SANTA CRUZ;SANTA ROSA;563;670;1
LAGO AGRIO;NUEVA LOJA;65.791;217;303
LAGO AGRIO;DURENO;3.149;246;13
LAGO AGRIO;GENERAL FARFÁN;6.681;527;13
LAGO AGRIO;EL ENO;6.918;439;16
LAGO AGRIO;PACAYACU;8.428;884;10
LAGO AGRIO;JAMBELÍ;3.478;445;8
LAGO AGRIO;SANTA CECILIA;8.669;239;36
LAGO AGRIO;10 DE AGOSTO;1.930;155;12
GONZALO PIZARRO;LUMBAQUÍ;4.178;247;17
GONZALO PIZARRO;EL REVENTADOR;1.068;986;1
GONZALO PIZARRO;GONZALO PIZARRO;3.545;243;15
GONZALO PIZARRO;PUERTO LIBRE;1.565;769;2
PUTUMAYO;PUERTO EL CARMEN DE PUTUMAYO;3.090;1.076;3
PUTUMAYO;PALMA ROJA;1.085;601;2
PUTUMAYO;PUERTO BOLÍVAR;76;447;0
PUTUMAYO;PUERTO RODRÍGUEZ;295;382;1
PUTUMAYO;SANTA ELENA;1.803;546;3
PUTUMAYO;SANSAHUARI;2.669;499;5
SHUSHUFINDI;SHUSHUFINDI;30.747;487;63
SHUSHUFINDI;LIMONCOCHA;6.857;542;13
SHUSHUFINDI;PAÑACOCHA;746;609;1
SHUSHUFINDI;SAN ROQUE;4.483;672;7
SHUSHUFINDI;SAN PEDRO DE LOS COFÁNES;3.644;75;49
SHUSHUFINDI;SIETE DE JULIO;4.349;120;36
SUCUMBÍOS;LA BONITA;935;129;7
SUCUMBÍOS;EL PLAYÓN DE SAN FRANCISCO;1.248;294;4
SUCUMBÍOS;LA SOFÍA;122;649;0
SUCUMBÍOS;ROSA FLORIDA;270;356;1
SUCUMBÍOS;SANTA BÁRBARA;599;89;7
CASCALES;EL DORADO DE CASCALES;3.801;713;5
CASCALES;SANTA ROSA DE SUCUMBÍOS;603;59;10
CASCALES;SEVILLA;3.106;118;26
CASCALES;NUEVA TRONCAL;4.234;372;11
CUYABENO;TARAPOA;6.739;1.109;6
CUYABENO;CUYABENO;435;2.268;0
CUYABENO;AGUAS NEGRAS;1.678;489;3
FRANCISCO DE ORELLANA;EL COCA;59.104;148;399
FRANCISCO DE ORELLANA;DAYUMA;7.253;1.238;6
FRANCISCO DE ORELLANA;TARACOA;3.107;408;8
FRANCISCO DE ORELLANA;ALEJANDRO LABAKA;1.559;982;2
FRANCISCO DE ORELLANA;EL DORADO;3.279;136;24
FRANCISCO DE ORELLANA;EL EDÉN;1.246;872;1
FRANCISCO DE ORELLANA;GARCÍA MORENO;1.491;132;11
FRANCISCO DE ORELLANA;INÉS ARANGO;3.661;1.479;2
FRANCISCO DE ORELLANA;LA BELLEZA;5.168;608;8
FRANCISCO DE ORELLANA;NUEVO PARAÍSO;3.511;308;11
FRANCISCO DE ORELLANA;SAN JOSÉ DE GUAYUSA;3.255;458;7
FRANCISCO DE ORELLANA;SAN LUIS DE ARMENIA;2.496;313;8
AGUARICO;NUEVO ROCAFUERTE;3.662;1.741;2
AGUARICO;CAPITÁN AUGUSTO RIVADENEYRA;1.142;921;1
AGUARICO;CONONACO;708;7.124;0
AGUARICO;SANTA MARÍA DE HUIRIRIMA;938;658;1
AGUARICO;YASUNÍ;422;849;0
LA JOYA DE LOS SACHAS;LA JOYA DE LOS SACHAS;25.989;191;136
LA JOYA DE LOS SACHAS;ENOKANQUI;3.232;76;42
LA JOYA DE LOS SACHAS;POMPEYA;1.661;98;17
LA JOYA DE LOS SACHAS;SAN CARLOS;4.243;134;32
LA JOYA DE LOS SACHAS;SAN SEBASTIÁN DEL COCA;5.280;282;19
LA JOYA DE LOS SACHAS;LAGO SAN PEDRO;2.287;77;30
LA JOYA DE LOS SACHAS;RUMIPAMBA;2.144;73;29
LA JOYA DE LOS SACHAS;TRES DE NOVIEMBRE;3.945;125;32
LA JOYA DE LOS SACHAS;UNIÓN MILAGREÑA;3.663;146;25
LORETO;LORETO;7.677;95;81
LORETO;ÁVILA;5.863;331;18
LORETO;PUERTO MURIALDO;3.934;190;21
LORETO;SAN JOSÉ DE PAYAMINO;3.576;841;4
LORETO;SAN JOSÉ DE DAHUANO;5.461;502;11
LORETO;SAN VICENTE DE HUATICOCHA;1.209;192;6
SANTO DOMINGO;SANTO DOMINGO DE LOS COLORADOS;373.321;1.073;348
SANTO DOMINGO;ALLURIQUÍN;8.607;678;13
SANTO DOMINGO;PUERTO LIMÓN;11.630;244;48
SANTO DOMINGO;LUZ DE AMÉRICA;11.504;311;37
SANTO DOMINGO;SAN JACINTO DEL BÚA;13.624;204;67
SANTO DOMINGO;VALLE HERMOSO;9.865;310;32
SANTO DOMINGO;EL ESFUERZO;5.973;283;21
SANTO DOMINGO;SANTA MARÍA DEL TOACHI;7.059;352;20
LA CONCORDIA;LA CONCORDIA;37.178;81;459
LA CONCORDIA;MONTERREY;7.386;102;72
LA CONCORDIA;LA VILLEGAS;4.529;59;77
LA CONCORDIA;PLAN PILOTO;2.293;83;28
SANTA ELENA;SANTA ELENA;72.598;537;135
SANTA ELENA;ATAHUALPA;4.004;77;52
SANTA ELENA;COLONCHE;40.058;1.147;35
SANTA ELENA;CHANDUY;20.558;771;27
SANTA ELENA;MANGLARALTO;37.167;425;88
SANTA ELENA;SIMÓN BOLÍVAR;4.384;572;8
SANTA ELENA;SAN JOSÉ DE ANCÓN;7.918;66;120
LA LIBERTAD;LA LIBERTAD;112.247;25;4.440
SALINAS;SALINAS;35.081;17;2.049
SALINAS;ANCONCITO;15.052;15;1.005
SALINAS;JOSÉ LUIS TAMAYO;36.668;36;1.027